create database DBAsowell
go

use DBAsowell
go

CREATE TABLE [dbo].[AdminRes] (
    [ad_id] [varchar](10) NOT NULL,
    [username] [varchar](50) NOT NULL,
    [pass] [varchar](50) NOT NULL,
    [name] [varchar](50) NOT NULL,
    CONSTRAINT [PK_dbo.AdminRes] PRIMARY KEY ([ad_id])
)
CREATE TABLE [dbo].[Employee] (
    [emp_id] [varchar](10) NOT NULL,
    [manager] [varchar](10) NOT NULL,
    [username] [varchar](50) NOT NULL,
    [pass] [varchar](50) NOT NULL,
    [name] [nvarchar](50) NOT NULL,
    [birth] [date] NOT NULL,
    [startday] [date] NOT NULL,
    [hour_wage] [int] NOT NULL,
    [addr] [nvarchar](200),
    [email] [varchar](100),
    [phone] [varchar](20),
    [emp_role] [int] NOT NULL,
    [deleted] [int] NOT NULL,
    CONSTRAINT [PK_dbo.Employee] PRIMARY KEY ([emp_id])
)
CREATE INDEX [IX_manager] ON [dbo].[Employee]([manager])
CREATE TABLE [dbo].[OrderNote] (
    [ordernote_id] [varchar](10) NOT NULL,
    [cus_id] [varchar](10),
    [emp_id] [varchar](10),
    [ordertable] [int] NOT NULL,
    [ordertime] [datetime] NOT NULL,
    [total_price] [money] NOT NULL,
    [customer_pay] [money] NOT NULL,
    [pay_back] [money] NOT NULL,
    CONSTRAINT [PK_dbo.OrderNote] PRIMARY KEY ([ordernote_id])
)
CREATE INDEX [IX_cus_id] ON [dbo].[OrderNote]([cus_id])
CREATE INDEX [IX_emp_id] ON [dbo].[OrderNote]([emp_id])
CREATE TABLE [dbo].[Customer] (
    [cus_id] [varchar](10) NOT NULL,
    [name] [nvarchar](50) NOT NULL,
    [phone] [varchar](20),
    [email] [varchar](100),
    [discount] [int] NOT NULL,
    [deleted] [int] NOT NULL,
    CONSTRAINT [PK_dbo.Customer] PRIMARY KEY ([cus_id])
)
CREATE TABLE [dbo].[OrderTemp] (
    [ordertemp_id] int Identity not null,
    [cus_id] [varchar](10),
    [emp_id] [varchar](10),
    [table_owned] int,
    [ordertime] [datetime] NOT NULL,
    [total_price] [money] NOT NULL,
    [customer_pay] [money] NOT NULL,
    [pay_back] [money] NOT NULL,
    CONSTRAINT [PK_dbo.OrderTemp] PRIMARY KEY ([ordertemp_id]),
)
CREATE INDEX [IX_cus_id] ON [dbo].[OrderTemp]([cus_id])
CREATE INDEX [IX_emp_id] ON [dbo].[OrderTemp]([emp_id])
CREATE INDEX [IX_table_owned] ON [dbo].[OrderTemp]([table_owned])
CREATE TABLE [dbo].[OrderDetailsTemp] (
    [ordertemp_id] int NOT NULL,
    [product_id] [varchar](10) NOT NULL,
    [chair_id] int,
    [SelectedStats] [nvarchar](max),
    [quan] [int] NOT NULL,
    [note] [varchar](500),
    CONSTRAINT [PK_dbo.OrderDetailsTemp] PRIMARY KEY ([ordertemp_id], [product_id])
)
CREATE INDEX [IX_ordertemp_id] ON [dbo].[OrderDetailsTemp]([ordertemp_id])
CREATE INDEX [IX_product_id] ON [dbo].[OrderDetailsTemp]([product_id])
CREATE INDEX [IX_chair_id] ON [dbo].[OrderDetailsTemp]([chair_id])
CREATE TABLE [dbo].[Chair] (
    [chair_id] int Identity NOT NULL,
    [chair_number] [int] NOT NULL,
    [table_owned] int,
    CONSTRAINT [PK_dbo.Chair] PRIMARY KEY ([chair_id])
)
CREATE INDEX [IX_table_owned] ON [dbo].[Chair]([table_owned])
CREATE TABLE [dbo].[Table] (
    [table_id] int Identity NOT NULL,
    [table_number] [int] NOT NULL,
    [chair_amount] [int] NOT NULL,
    [pos_X] [int] NOT NULL,
    [pos_Y] [int] NOT NULL,
    [is_Pinned] [int] NOT NULL,
    [is_Ordered] [int] NOT NULL,
    [is_Locked] [int] NOT NULL,
    CONSTRAINT [PK_dbo.Table] PRIMARY KEY ([table_id])
)
CREATE TABLE [dbo].[Product] (
    [product_id] [varchar](10) NOT NULL,
    [name] [nvarchar](50) NOT NULL,
    [info] [nvarchar](100),
    [price] [money] NOT NULL,
    [type] [int] NOT NULL,
    [deleted] [int] NOT NULL,
    [ImageLink] [nvarchar](max),
    [Discount] [int] NOT NULL,
    CONSTRAINT [PK_dbo.Product] PRIMARY KEY ([product_id])
)
CREATE TABLE [dbo].[OrderNoteDetails] (
    [ordernote_id] [varchar](10) NOT NULL,
    [product_id] [varchar](10) NOT NULL,
    [SelectedStats] [nvarchar](max),
    [quan] [int] NOT NULL,
    [note] [varchar](500),
    CONSTRAINT [PK_dbo.OrderNoteDetails] PRIMARY KEY ([ordernote_id], [product_id])
)
CREATE INDEX [IX_ordernote_id] ON [dbo].[OrderNoteDetails]([ordernote_id])
CREATE INDEX [IX_product_id] ON [dbo].[OrderNoteDetails]([product_id])
CREATE TABLE [dbo].[ProductDetails] (
    [pdetail_id] [varchar](10) NOT NULL,
    [product_id] [varchar](10) NOT NULL,
    [igd_id] [varchar](10) NOT NULL,
    [quan] [float] NOT NULL,
    [unit_use] [nvarchar](100) NOT NULL,
    CONSTRAINT [PK_dbo.ProductDetails] PRIMARY KEY ([pdetail_id])
)
CREATE INDEX [IX_product_id] ON [dbo].[ProductDetails]([product_id])
CREATE INDEX [IX_igd_id] ON [dbo].[ProductDetails]([igd_id])
CREATE TABLE [dbo].[Ingredient] (
    [igd_id] [varchar](10) NOT NULL,
    [warehouse_id] [varchar](10) NOT NULL,
    [name] [nvarchar](100) NOT NULL,
    [info] [nvarchar](300),
    [usefor] [tinyint] NOT NULL,
    [igd_type] [nvarchar](100) NOT NULL,
    [unit_buy] [nvarchar](100) NOT NULL,
    [standard_price] [money] NOT NULL,
    [deleted] [int] NOT NULL,
    CONSTRAINT [PK_dbo.Ingredient] PRIMARY KEY ([igd_id])
)
CREATE INDEX [IX_warehouse_id] ON [dbo].[Ingredient]([warehouse_id])
CREATE TABLE [dbo].[ReceiptNoteDetails] (
    [rn_id] [varchar](10) NOT NULL,
    [igd_id] [varchar](10) NOT NULL,
    [quan] [int] NOT NULL,
    [item_price] [money] NOT NULL,
    [note] [varchar](500),
    CONSTRAINT [PK_dbo.ReceiptNoteDetails] PRIMARY KEY ([rn_id], [igd_id])
)
CREATE INDEX [IX_rn_id] ON [dbo].[ReceiptNoteDetails]([rn_id])
CREATE INDEX [IX_igd_id] ON [dbo].[ReceiptNoteDetails]([igd_id])
CREATE TABLE [dbo].[ReceiptNote] (
    [rn_id] [varchar](10) NOT NULL,
    [emp_id] [varchar](10),
    [inday] [date] NOT NULL,
    [total_amount] [money] NOT NULL,
    CONSTRAINT [PK_dbo.ReceiptNote] PRIMARY KEY ([rn_id])
)
CREATE INDEX [IX_emp_id] ON [dbo].[ReceiptNote]([emp_id])
CREATE TABLE [dbo].[WareHouse] (
    [warehouse_id] [varchar](10) NOT NULL,
    [contain] [float],
    CONSTRAINT [PK_dbo.WareHouse] PRIMARY KEY ([warehouse_id])
)
CREATE TABLE [dbo].[SalaryNote] (
    [sn_id] [varchar](10) NOT NULL,
    [emp_id] [varchar](10) NOT NULL,
    [date_pay] [datetime],
    [salary_value] [money] NOT NULL,
    [work_hour] [float] NOT NULL,
    [for_month] [int] NOT NULL,
    [for_year] [int] NOT NULL,
    [is_paid] [tinyint] NOT NULL,
    CONSTRAINT [PK_dbo.SalaryNote] PRIMARY KEY ([sn_id])
)
CREATE INDEX [IX_emp_id] ON [dbo].[SalaryNote]([emp_id])
CREATE TABLE [dbo].[WorkingHistory] (
    [wh_id] [varchar](10) NOT NULL,
    [result_salary] [varchar](10),
    [emp_id] [varchar](10),
    [startTime] [datetime] NOT NULL,
    [endTime] [datetime] NOT NULL,
    CONSTRAINT [PK_dbo.WorkingHistory] PRIMARY KEY ([wh_id])
)
CREATE INDEX [IX_result_salary] ON [dbo].[WorkingHistory]([result_salary])
CREATE INDEX [IX_emp_id] ON [dbo].[WorkingHistory]([emp_id])
CREATE TABLE [dbo].[ApplicationLog] (
    [id] [int] NOT NULL IDENTITY,
    [date_added] [datetime] NOT NULL,
    [comment] [ntext] NOT NULL,
    [application_name] [nvarchar](100),
    [last_updated_on] rowversion NOT NULL,
    [extra_data] [xml],
    CONSTRAINT [PK_dbo.ApplicationLog] PRIMARY KEY ([id])
)
ALTER TABLE [dbo].[Employee] ADD CONSTRAINT [FK_dbo.Employee_dbo.AdminRes_manager] FOREIGN KEY ([manager]) REFERENCES [dbo].[AdminRes] ([ad_id])
ALTER TABLE [dbo].[OrderNote] ADD CONSTRAINT [FK_dbo.OrderNote_dbo.Customer_cus_id] FOREIGN KEY ([cus_id]) REFERENCES [dbo].[Customer] ([cus_id])
ALTER TABLE [dbo].[OrderNote] ADD CONSTRAINT [FK_dbo.OrderNote_dbo.Employee_emp_id] FOREIGN KEY ([emp_id]) REFERENCES [dbo].[Employee] ([emp_id])
ALTER TABLE [dbo].[OrderTemp] ADD CONSTRAINT [FK_dbo.OrderTemp_dbo.Customer_cus_id] FOREIGN KEY ([cus_id]) REFERENCES [dbo].[Customer] ([cus_id])
ALTER TABLE [dbo].[OrderTemp] ADD CONSTRAINT [FK_dbo.OrderTemp_dbo.Employee_emp_id] FOREIGN KEY ([emp_id]) REFERENCES [dbo].[Employee] ([emp_id])
ALTER TABLE [dbo].[OrderTemp] ADD CONSTRAINT [FK_dbo.OrderTemp_dbo.Table_table_owned] FOREIGN KEY ([table_owned]) REFERENCES [dbo].[Table] ([table_id])
ALTER TABLE [dbo].[OrderDetailsTemp] ADD CONSTRAINT [FK_dbo.OrderDetailsTemp_dbo.Chair_chair_id] FOREIGN KEY ([chair_id]) REFERENCES [dbo].[Chair] ([chair_id])
ALTER TABLE [dbo].[OrderDetailsTemp] ADD CONSTRAINT [FK_dbo.OrderDetailsTemp_dbo.OrderTemp_ordertemp_id] FOREIGN KEY ([ordertemp_id]) REFERENCES [dbo].[OrderTemp] ([ordertemp_id])
ALTER TABLE [dbo].[OrderDetailsTemp] ADD CONSTRAINT [FK_dbo.OrderDetailsTemp_dbo.Product_product_id] FOREIGN KEY ([product_id]) REFERENCES [dbo].[Product] ([product_id])
ALTER TABLE [dbo].[Chair] ADD CONSTRAINT [FK_dbo.Chair_dbo.Table_table_owned] FOREIGN KEY ([table_owned]) REFERENCES [dbo].[Table] ([table_id])
ALTER TABLE [dbo].[OrderNoteDetails] ADD CONSTRAINT [FK_dbo.OrderNoteDetails_dbo.OrderNote_ordernote_id] FOREIGN KEY ([ordernote_id]) REFERENCES [dbo].[OrderNote] ([ordernote_id])
ALTER TABLE [dbo].[OrderNoteDetails] ADD CONSTRAINT [FK_dbo.OrderNoteDetails_dbo.Product_product_id] FOREIGN KEY ([product_id]) REFERENCES [dbo].[Product] ([product_id])
ALTER TABLE [dbo].[ProductDetails] ADD CONSTRAINT [FK_dbo.ProductDetails_dbo.Ingredient_igd_id] FOREIGN KEY ([igd_id]) REFERENCES [dbo].[Ingredient] ([igd_id])
ALTER TABLE [dbo].[ProductDetails] ADD CONSTRAINT [FK_dbo.ProductDetails_dbo.Product_product_id] FOREIGN KEY ([product_id]) REFERENCES [dbo].[Product] ([product_id])
ALTER TABLE [dbo].[Ingredient] ADD CONSTRAINT [FK_dbo.Ingredient_dbo.WareHouse_warehouse_id] FOREIGN KEY ([warehouse_id]) REFERENCES [dbo].[WareHouse] ([warehouse_id])
ALTER TABLE [dbo].[ReceiptNoteDetails] ADD CONSTRAINT [FK_dbo.ReceiptNoteDetails_dbo.Ingredient_igd_id] FOREIGN KEY ([igd_id]) REFERENCES [dbo].[Ingredient] ([igd_id])
ALTER TABLE [dbo].[ReceiptNoteDetails] ADD CONSTRAINT [FK_dbo.ReceiptNoteDetails_dbo.ReceiptNote_rn_id] FOREIGN KEY ([rn_id]) REFERENCES [dbo].[ReceiptNote] ([rn_id])
ALTER TABLE [dbo].[ReceiptNote] ADD CONSTRAINT [FK_dbo.ReceiptNote_dbo.Employee_emp_id] FOREIGN KEY ([emp_id]) REFERENCES [dbo].[Employee] ([emp_id])
ALTER TABLE [dbo].[SalaryNote] ADD CONSTRAINT [FK_dbo.SalaryNote_dbo.Employee_emp_id] FOREIGN KEY ([emp_id]) REFERENCES [dbo].[Employee] ([emp_id])
ALTER TABLE [dbo].[WorkingHistory] ADD CONSTRAINT [FK_dbo.WorkingHistory_dbo.Employee_emp_id] FOREIGN KEY ([emp_id]) REFERENCES [dbo].[Employee] ([emp_id])
ALTER TABLE [dbo].[WorkingHistory] ADD CONSTRAINT [FK_dbo.WorkingHistory_dbo.SalaryNote_result_salary] FOREIGN KEY ([result_salary]) REFERENCES [dbo].[SalaryNote] ([sn_id])
CREATE TABLE [dbo].[__MigrationHistory] (
    [MigrationId] [nvarchar](150) NOT NULL,
    [ContextKey] [nvarchar](300) NOT NULL,
    [Model] [varbinary](max) NOT NULL,
    [ProductVersion] [nvarchar](32) NOT NULL,
    CONSTRAINT [PK_dbo.__MigrationHistory] PRIMARY KEY ([MigrationId], [ContextKey])
)
INSERT [dbo].[__MigrationHistory]([MigrationId], [ContextKey], [Model], [ProductVersion])
VALUES (N'201711131037353_init', N'POS.Context.MigrationConfiguration',  0x1F8B0800000000000400ED3DCB6EDC4892F705F61F0A75DA1DF4A8647B079836A419C8923D2D8C25D7B8E4EEF6A940155312E1225943B2DC1216FB657BD84FDA5F98E43B1F91EF2459721BBAA8F2111919191911191991FCFFFFFDBF93BF3EC6DBD95794E5519A9CCE5F1C1DCF6728D9A46194DC9FCEF7C5DD1FFF3CFFEB5FFEFDDF4EDE86F1E3ECE7B6DDABB21DEE99E4A7F387A2D8BD5E2CF2CD038A83FC288E36599AA777C5D1268D1741982E5E1E1FFFB878F1628130883986359B9D7CDC274514A3EA07FE799E261BB42BF6C1F62A0DD1366FCA71CDAA823ABB0E6294EF820D3A9D2F3FAC8E70FB023D16F3D9D9360A300A2BB4BD9BCF8224498BA0C008BEFE94A35591A5C9FD6A870B82EDCDD30EE17677C136470DE2AFFBE6BA73387E59CE61D1776C416DF67991C686005FBC6A88B260BB5B9176DE110D93ED2D266FF154CEBA22DDE9FC2C8CA3E4239E3B3BD6EBF36D56B6AB095BF58B507ED4B4FF614696FED03100E693F2EF87D9F97E5BEC33749AA07D91055BDC7E7FBB8D367F474F37E917949C26FBED96C40CE386EBA8025CB4CCD21DCA8AA78FE8AEC3F7329CCF1674CF05DBB5EB48F5AAA783D71FF3F07C76153CBE47C97DF180B91B33EDBBE811856D41C30F9F9208733CEA7E5F63A483DB6D5F40906B55A419FA1B4A501614285C06458132BCDED76982387C19EC30536609FE4F82E19F6C31948FBC0CF27CFC51AFC799EB75F035BAAF168719FF6DBCDBA64F08E1A97F44DBAA45FE10ED6A7171D4D6AEBBADF12E4BE38FE996E8D9D6AD6F82EC1E617973930A1AACD27DB661703B59F4DB50BA395B68DABBB3ED30D9F6C408D8ECCFA6DBA16ED0AB2009EE51360482DF25834FC950647BF341DF4459F1D08E7A8199E3268ACDA1AC8A202BC2E0C919D04F5862FC82D9AD05749914AF5E1A43390B4319BF62FB408B94F241DEC641B495EE0A4D3651F0E243B5472593F1310A9641A50C7723FB05DA222C5D0C81083555A7825CF554AB86847AAA5564BA987DC842945DA785408976D5EB5E87F5E8F1B59C22059A40AA5489E20D8A771214CB6A318A542D8C22DDC414C58F6883A25D21A623D1004413AAE710051B99A2BA0AB641F624C6B4AF071105AA393CA136A668FE92665FB07CF829C2F652160970A51A3D81F80A9A70388BDA39D97D1DF36B1B7E5D8FC92CBF0A038C25B2B1FFA8CE876A059EEF732FE829D5D008A354042F4A22B9E9BB1A4ED45B6DD666CF0D5EA1ED328B363D28B489E200DB17CB0CFFD7F8A17E9CCF569BA084FA5FC6439C577B09654BC24AF33D0686FD26D87CF1075F28E9DAD928F46FDF0CD2BF6D2D6720004D4C4D845EACFA3010C40872B2D9D886B94005366415964CDD684DC866005FB691D8AEE15A3A698C7E95351546DB61327DD14853534DE14B080FA4232639C08E753E1AE5B07711E59B749F1407750ED33EED684A5BF1698713C8DE4F3B4214A95AC969478AA2998D5BC233B371CB1ED3DAB805B2F371529D0F557E7D4B36EE4D499F0FBF25682C73FABB197C9066B089D403AD4C5830FA33834D9C506204DDCCE0C604562810A2D59A10E00CC6602B58A1C04D4D75DF4D7D9095D2B7690311B7AA9250B6AE87C86AA6ED88C99A293DA2E321EA3EB03D2E09F79BE29BD594C4FC0E15C5F38720CA4650B478A7A10D466E8551965D1AE27F3D5C3AFD631F246E8783FAF42E39A4D95145ACA2CA75D013AA4D538940AD5AC0C28A6F66A50A6AF934840A5062CD6B0B5DCC9BEDA88777D7588275D3468D73DBD0493F34EBAEEBBC295B4FE7B969C58AB1EFC69B3C1A52605EEFE3DB3ED6C34EC20C79F4F06DC7E98A1CA5FD464B2677DBAD1D96B1DB88626E7392754EFBB11955733F56AD27DB8FD5E836FBB1EB78A8FBB142D0C77EACF8E22C76F72B2ED3FC5767089FDD205CE6CB28498C9D9B1C946A03BB83799F6EBEF8F3B4562B054B2E0D79C0CA2848567877A82A4F966257AA18336D49D5D9329AB2AA693F99B47238173E8323D724F73F97C95DEA7431A373EC1AD62759829DE2C687A5641CDCA3F751F265F053ACE535976FE3CFE424A43400D923D3A0F7F022CCF926CA3B785BBC9B7E32ACA92610CE60030E63B8959F18B31AA879A459DDEF10E3CD06F1471E7A74DA33508EDFFD849A727088402461FC943064C99BEBCD4E6AAB10F6E277A304ABA90D3DB1045C86D5F8569674DFF55085C5A0F24C6105DE0F942EAA2FB02ED27D75A834CD174BA2E2532E135ABA87016B43F432B9CF5018A1041608B425433616D9447D1B4E24081BFA146196269C1C572FC28BA49EA6E4EABB4C26B69ADD652AB206DB947EC4D52F41861ED27D3E908DE8E475F0B5E7CDDC0EAFBCB81DB034BB4B3BEFEF9BA7C24A9C93EE85F108544AE337FBA7F107C6067612065938ACCFC6738CADF169DA5079C8CFD48096B148E29321CF35134C40D64E96DAE73E915286FD54CA30107F0230D1B0C71BAAE7B420D8C849097214D0D6855CCFC954E2C744D38961A93B6BF887AA3A0F5CB3BBFB112E0B140F2B8AC7F654288C7C2FA28E151D5A72D142666BCE80EA219B02996DAD9E03D9DA971CB491800725FB9EBB441B27BFE132F1F1DC4895704087460C18AD2F0D86B77AEC40B2C5EC43E2AD4D3A2B29A136EA209962252508CB4D5346743D269310D4D1DA54500C7C2EF714779826789939E79FB93686D9D4CA726799526ADE5BF162FFDC873633F65D26E3C69595BE5AFD2EF495A9030123BA845498C2BB5131C1CFC1763F9C415D3EEB523EC4E5E88F7F976657786F3FB89D1F3094CF28700C81BCCC9741149A39D2ECD4B8C54B40AC1297BD16A4EDCDB07809881449C2B78008E414AF01112DDDB43605565F7553DDA6D3DF0F568AFBE19025E64794636AD5EBFB8DA44B570F18DEF8C8617E9B847670ECE48DC36B5EACDC51BDFAA58B2F2947FC4B1D05D6807CB2923A67BB1DDEFE15EEEFD37BFD17A2A96ED35D33DADC312A2F33D4D2E332441521758C9FB330ECEF4FACB7DB791AC7A83FBD3B045499BE31DAAFB4A71B48F978EF83BCF8B40B4B727FE80E4B6FA2A492C1E553F1FB2C43C9E6E9AA82580D4761F1670607C1A4D56B8C29BEDB57575F0A41F888591AAF6BE039D84DB485CFF23CDD4415EA8CE0EC1E09A5F1C5927AA67A31B4469C7C7114E38F376D542E3E46E274FE078E0E12B89DC9D4C3ED1E30A5C1BEE0C0E2DD8DB2727B055BBCDC39266E9414BC2888924DB40BB60A0C987EA010815E9B2FC9DF8DC1D65CA01D4A4A09A020ABCEE0DDABD3FCF8DD308C805311E86441B0889C7380A733446B2C7B47A35F652259589F7D640F13F5A0FBC73D68C8C747479E98488C87CE4A826F9D19F19198C44EE38FCA479DF8502F366FA079E323FE2557B5801B828F583C74D6117C5DDF928F58123B8D3F021F91D97FA255065383093151673AEB730D985AD8C36B12FF86E21560749D4512A4031BB1094048EDA19BB4F7E9840D9FDC2E950A92C73518A143BDDF63287B24F9F40A06F52C7C8488682912F8E90773112424BA231653F058AF90B43900781265205E03DEDFD250A543311C878DCE72CB5F9E72603C6E153C6033160382894052AE906705314C4186D319729FFC1964609C21994F868CF66A0BB30C0D794FB6021E909980F5DA6C085D86E0922306613B2E8BB61FA54BDF1885E5184474D65898A6EAC46E0CDD9D111981D5A43184224ED00B28ECD901081ED6673BBD40ED7E3032067210F6D3414867E9C1286323FED35907274CC66540B5EB421E9A06329C25AB4DECC09061328E0B4346EA437762C80306F5050D18633C9858036315B5787A30C106A0A4B3F682440B17C1062C850B26233021180E28E20679568F8E7293F19A3CF2B0874E842D0EC260323C74565312A26AC45E326A7BC06304E612A6E88958409DECCD59EFE6324D9D1438A299A642661C134D45F74337CFE0B47C3D06901C433DB1D8644750291AE31D40A5F47E0EC74FE14B69DA9E5795AFC39787775A6F87049391DD1D12DA3F1B8623DE1395AE3FF4D90A6F37E453DD770A30D0593C1F779E02C26A0F3FF9BDE735F50132A5B3541DAC63EAA500404F17AC03E2A1B3989E827540123B8D3F2A1FE905EB28FD5D8E7C7400C13A137ABAC4243E743F179402245A6D693E50BFDC6490BC3E2B493F3BAEE6254F8C24C1621C4E92D0F8D0594994DD215A7165AA07E15562D2AAF4D94AF975F831C594029971384C41F667C66584B0D16401283D67004E83720F7564E460DCC623A4B3D45012B50BBBF1D4D7F2C153497C23F05D9DB5D164FBA3AC4D32C8D3DFD0B60455A047E829C74F396A52ADF2261B84E59612EC0A155DD642956B90CF677D9A089B6AC1311C0DA2DDBF108C5EA2298074F60B0485B00C15605A231A82D21F267470691EC68771A90FCC3A60E867F6616894774735C1E69B27FCECEA785045F7EAF409756FCEEB8AEE8DE30302D0F98F7417BA7B2C45BCDCAD67550F2B3140C651AB00473D91C1C1225DFE0A40D0CB301C3CE0FE551FAC02A0125477710401222ED214607A910AC121358D0A1F2E0F9FC78A518F0A8874862928E698D4550620219E7991D7A5CACD88668CE883D3E928C52D4CA8EB664349594EFB68A4D011907A91CFE6BCD273D5A00390F8055042951E26F02D723E27620EA48896904392124600239486478AF4AA4F4611F88C229804774071A1087710D161360B8A509FE2E24921CCD5A1D086B275C8156CB4A264E2507E0E01A1558C7E1800F866A28009140928F2EB1C3A05856506DAF450F18438E94449671F5422CC2A0D4A09D228E4B3E21329FC518C4F9DD0DA9AB6940323FA45845387FFC31E556102003B35CAC051514D1AF20F411E82689DB1AA261978972B9D167B99EB8B5CECE52D01B7B7CB9D49257F8F95A7977EEC353539ADE86B6286902D2DA19D56BC35019EB2F97DD2506A06A8C3864593929A02F401418F4AA399038A773075184C1807AB60012812D6278B41B1AF9ACB624148F8A5469E7EEA104E6A5AD2204EBD1DA3860750873C8A3AD346185908D0472F0A919A93320E9117CD3A1CA58C3C1C4C60C101724A62A975A33C96CE0799C6D18AC2102F1D6B55D384900584F9B35447A417F9C563D9195875F8138531B99C7E473A08D27136327353DB3702C7E36859CE2A6063F8469446912AAE443009A56FC48422631943E0F3A73C49942112DA4112C43C28A7AD842AB2B08881C8227CA591278DD695BFD1A53F699370EE68099D54F7FCE3D08A74B62BA925BABA36BCBCF64431E0BE5A8F5D25546B5FBFEBEE51BBBA93C56AF380E2A0293859948F02A25DB10FB6E59B80DBBCADB80A763B8C65DEF76C4A66AB5DB0293D8B7F5CCD678FF136C94FE70F45B17BBD58E415E8FC288E36599AA777C5D1268D1741982E5E1E1FFFB878F16211D730169B9C243D7BEBDB8D840914DC23A6B67C5C3044EFA22C2FCA87036F83F200701EC65C33E6D6587063D20EC65C0CF3EBD75EA0B41DCAFF1B3BF2C3EAA819E54870EDD1D3EF1D9E52F91865353BC45F50F03D71DFF295EE20631F97AC524BCED3ED3E4EEA92205C4740D48018C4A71C6549F530250966DF95EA435A06794E43D95525FA10AE393C44389C2C185A727109DC6A313B875D7D2DDEE8E5972D7388E4B4067788BB8AE8D9040B91042D4D403306E95E5824C1C4A26717C5709E27A38920BC89B2F2C57A12C46D5DA40FA37A4CBAFA3C0D0926EF4AF52195AFF0FF82178486F4804BD7BF55C5FAA0CEC23063454A68B4D06FE3EA329FE63AE07E5FBAC40FD5FBE2D41A3F004F8ECBF1D895EA96E7FF2CE5233E6480BA6F389280C2B6F060841361ECDB4A27E13589867892F41511967AAB87246EDA5618CAAA262D8004B5D9E78640BC48CDFA05ACDA05C0CDAC80628ED4D0225668A57DB13EACEA5B56CD97F648604559BEDED5154624AFCEC94B568E6DDAC3F5CE4C9661406F82CD1756C03FAD6FABD283D96EBD83C076B7891C1F1A9B4DDC75D0ADE1AE37FD087677057311E59BFA736E9450EF4ABF4DED503B0A9DB403147CA0AB1DE0BE72A18778699CB615CF563B90B990940CAE9CB3299C24A9A2D477F57048EA81BFAD70DA7664A8B4E5EE9382186D131229E4D40A36B733863BBA7DE496E2AC2A88CB0CD00ACBEB0D16D8F8485630674BA64A1F66FD4D6412D43FAB1203755B793329750B0413D74C3A8D0D5487C5591B4050DC9F8EF503F71B9C4B2A40D7FBF8967587D4C092A666703D30D16A373784B6AB0DDE766AACB6A09F94A6EC6AD704B550D2D06AD7C0CC57BB629FF62BC23CFB04B1A9E9B94CF35F19319AE6EB5F0D417CE6417C360171992FA38463E1285FB7C526A02A7D03C0EACA4D80BD4F375F00586DF1C16CAC2EFEC0766B09022D343697B0E728FADBFD3C7999DCA5CC02572526060967EB1A5BB9E5AA3032A22A19EE1429A4471CDCA3F751C218C844B1EB19F94272469EDAF3D9465139FB3F9B8C34072FA808C268BE50AF1BF5BB7DEC22D85DD9924EE3B416F2A62CB90CAB0E1C07D5C553B263F3A62225F6EF4D6FBEDDF9EF5312159F72F6461317AE81E4D19A8D2661433266D69607C5F1C11A0C28EB3CE81A536FBD92A07E6B2B9EA1C58259EE2E65CE24FBA6CC680FF1664B496153D3A5DC056FF64FC02EB8DD1BB9F6B00649C2200B018B2C6FAACC1D90CFC43D0FE460D8EE543EB1DE7CC36AC01011BC7EB49BA476963C4FF17E59A018E0C508179BF3E1C1DB2A54968E07DE73E3BA51F9CDCB9DCE65C285F24489611C4F75F9027988EADB17B18768229E2172976C3946989AA5C12F92BEA319044DB429E3D06B0B0F66A5C82862DBA512474D6BAC95ACB3D020E0B6763EC9D62EBF3ACF5D60969F5837BDBCAC89F073B0DDB3F64D55B1FE5AD718D8B769F6A50CFE63781997AE1FAA627D50EFD2EC0A2F3413D4888DCA755C171B81FA8C828C87F454951AB996838877E0EE0278FDA692826CECBFB52CA49FF8B110880A0042367AE0C4E183E11EA1DF89A3D47155B3CE054FC889417AD9BB5590ED0D171B91F7C5060825210F09B58507C38FECD34FB6ECC83C1065CE8E2A00C26DCF6E7963697D1686DC99AF94D7415D6EA2DEE3726AAC7A6F0A0DC2AA7B52F02E84A0AF5C9BBA13DE0779F169574E2EFCC058215B5CB5DED775EBD4E8E8F3F6B1C88232B786E1F5B2781D56E523B33B97D0C436E9466F4ABADF5D4253934C4465395504287396AA89E74D62139B5D543799CF3095BE46619959B47ACAF131F0A86C70B4FAE7F67C5B67D9B70DAE8224BA437971937E41C9E9FCE5F18B97F3D9D9360AF23A21ADC99B7ACD3E63A99548F5E255994885C278C176374FC72AA1E479489DEF0901D1250534AFBD71CF6EE2530F7A3C9DFFF7EC7F98ECAABFA32776F95B1EEB1F1705B3954E166CDF13863B9B6EF55B765F836CF3509A1557C1E37B94DC170FA7F317C7F3D9F57EBB2D2FEAB1E5116C81B7FC18987D228A18EC9FCCC1D699295E413A6349EE43E9B2F7F9A79ED71D56E3EA856FFB795DF92E9789812A9E73D9EFF5ECF2D775D3F58759757BF77A768CC9F1BBE4C3C413CC2687AA065A2A2E63087DFA9403102273AA861295C2DD10489D3725A10F96C124D0EAD16205CC26CE5DC6FFC6309BF87B31CC971668B65956F6E4EB7CF4BA20B4C51AF1729C67B926BBAB574B37BAB75719D7C6B99B8BB8BAA7A684D3E50D3B54EA9E1E512193B1EC199508B3EF454EFDDB101215635FC38AF1DE7CB2596E22B8DE05521F59AF0F457B23F6EFC378DE87705A877A070AB689DBDE1B424F0E22B3FDAB963E9FEA60F540FDF4EA107A40901CA1A9078A416CDDEF7A0042850AB737C787E8EE5D397D572B96FB9AFAB6C488DB1BEC208E727394061ADC49F6F7795025E7648E55DFDB274E7D528F85806BFA7ADCC24C682C6D02FC471C3CFEA729C43A84C55E99D631273237806292FAB65DFDFABB6FC34E90B5A561DA8958C307C7B5B940F60B73002A487B699B972D3D2FAD28454BBDB47D4FAF4B4BA779D92F2D9DDD650FA7C9ED7203F0D9050091D3E504A44BE67282D2A671793F172CDB276E3D73B88B1520D1B687773AAD039A25306DBC94EEE66B1DD83CE249940741E46179B0062E8C8FD7E63ED2F6DB5C237A4A8731A1458E555D13BAE9FFAD9BD0BF679B75497F2ECFB7F817E64D69887FA2AF57F17F882CD8C6FA9BE353F7F4890BC9BC77DB343067DF3E1F4C5F21BA486E22D7CA3707C349186AEE152CA8DBCAD001DBE6BC42F6F7C9314A834ABDD61616D52B738BAA4D19ABA11651F26465887719639EA7DC67907906CCE692B99894C35D4E009F47F5BC9B0569321EF77D3382F9DEAC3AFE1E548AD58E23F2CF5C78773CBB8AFAD0D5185C6CCB9A6E0B7B40375A4DE6994308149D7136C02D0DF1ED2ECF2C214BE5527386D4AE707416B76961027BD2618B919FBFF04C4E30E74A4DC7FCF9EE303DD5DFE57F89AF6775B62A9DFAE522D089B42F97030B91F265AFA4FA6C2F271F6F9DE96562A1EACB1FE67BEABE85109440A5217D1EFCEF1A2601CBC21C23017C9B2120443E9863B445970F6604479B6D999C2AEF477C9BE33D7DFEA9B2C0FE861294958947CBA028509694495DA89A8B9DA06D12B71CD7A64BDC6A8E94D557818CE3BAB96C2DBF371D5CDA562BFE6284B9B40C671150F83C8D77FBEA346ACAB2445A573DD863BCB5334C880F5235C0BBEF81815F3722BE8AD52519D52854DFEDEACAAEB0008A4ABAE3313155B919F560FAA415024E5F4803FA0307086F0594959C1A949F8DCA3161223E916D9945C926DA055B0675A61DB8C3045F683A597440D99A0BB4C342A54CB06466A8339CF04B3D278B0E2EB3DF5524A03E3B265FFCFEBB93F0170B8875EB83818975EB0BE9753B3E3A92F10011D94900234A07E102C9F71C7443948DF840F61EBFC980A3F201CCBCB6FBF720F9C0687F0AA30887E203F18023F0411515067DF79658B41B3221A35AB0A6C468E99BF8335296D425832CB9E86D6BFD3027A315173D9C2E1A4EF092F8785B9FFC103380BCF9BAE96C7C2A0498DDFF54E530EA407B91C46FD19B4A01F96722CC469E823704A2CC5EA41F3A9398C96E45E0F9C0CCA21A7D2C86E9EFC4D6828FCE41DFB6E657B72E35E417F2420E02D8D60DC72D8207B88C63AC0CB945FA9EA4F9E01330CB127AEB9E58DF2EEE9358D7AEEC39B1093851C13A89E3EA066711F9D023300877C7BE163D544C2C2F195F43AC2C59ACCF2BC02D3F0113A81D845FA46F3BEB860318B18BCE1BB526038FCB2CE31E62A9DB73983BBE9183ACFCF5D8033BCAF2C24388BEDB621EBEFC305D3751E4D1D0F24338EE08ECD2CBD8B5E0D95A625989D808623989527D0E3156579E7842F6AEAF59C886116318AA32D5B823300615743EBA01C284BCF396EF3766782C159F523930A383668E910E30D3F2C404871773A698FCE8C279CEC63CDC4EEC339BEA786BEA2F3B0C26A9B8638C1B97692EDB46BE7931F3D71EC8ED4B75661DFF025EDFEBFA9C2FE0B54F3DD35FC08FEFBB98860F26B9807F1E5E8B3E4EDC3323C8B8800C4E274091C5DF041F483F9072608C40873F8F2B15D8D06BD2C7C1547D137CA1FCAEC761F38688AD5D76F8817388E14E167C96685816517C5765004E794B7F81A18DE962BF96C07149F351873682BD8DE9ED2388D968DFFA7B0BA7F3F0B6CC7AAE63909B4AEE13C31CFC5E287103F455D0087DAD6204C27EE18620EAA031886AC520BDE5CD8DD1574143F4B53AD3A88F66F034EA3AE134EA6A9D41289F003C16D5443824D54A45C03A6E8CA75E5D0E92AEAE52006E0EC71CE0A61C02DC54290077FE180E74570301EF2A75D9B6F5DF8999B76D2165E1F643A59AD3128ECAD44BA6A83B22E90BE786232BA1B1C87AC538C0051B371CD0061A15F800ACC1E8F27195232A8722AE9EB881883A6818A25A3108692D70A39095D03064BD6A328C05C1CF8869004E8B69A318934DDBE2751FD30054814C1B664C426BF3DAB04BBF9911CD18B508A7E8508619A3BCEBCF7CB5659C09021D1F888E4285BBA0A7A2314D20D10498A82A1D45E00F2350162957912794E82AD6992ED3ED69289BAEE8C463BB42234F974C1B00E629CC2A80BCDC048AA056A67980B4216A06004D04CB15E4C3E245ABA808A0B7415A71AFC32EA5CCF4F2307D825D34482074C3DBB3E5F4E400E39A45D45007418B1CB1EC4C209D09F7A56D1C1A425BE79D149D75AB2684E06210BA0525A620309F272481342E15A0837E1C2B3529DE4AAEE623B67FA9DE42DB97FD94FB106491AA3D75A4A627C50718E0DC77EC87E0060ABE0E3B4802F4DCA63331478041750045D4C177B4F7913DED305F9B9711C17853594C5B1832064C5D2FBCCCA35C004FFBA4A0F5B6FA7070949206C36989F1A62E0CFFD1319E065693639B4D44808BF40C34C4F960A4931E1DC021B3844638D8EA5B914ED3551E6C87D7EFC34F17BA8E07E6ABBCB5F73461DE0357F595F8D6CCA72CBA7806A6AD7547ED69EAB053B056FC72579F330948F22A8920BE997459C7C149C17DBEBDAB3B59D4AECEA600FFE43ED37EB2F8B84FCAF78FEA5F17288FEE7B102718668236D46565D7E632B94BDBAB5306A3B609F318D215D650E55348675911DD059B02576F509EE359CF673F978FF4950C758BC2CBE4C3BED8ED0B3C6514DF6E29629477AFB2F14F161CCE271F76E5AFDCC714309A51F97CD487E4CD3EDA861DDEEF8077C70420CA4BDDE685A9722D8BF2A5A9FBA70ED275F5F9491D400DF9BABBE8522D6E31B0FC43B20ABE221BDC3EE5E83DBA0F364FB8FC6B14963A4B0444BD1034D94F2EA2E03E0BE2BC81D1F7C73F310F87F1E35FFE0587C5A789F9630100 , N'6.2.0-61023')







-- auto execute trigger
--create trigger salaryvalue_update
--on WorkingHistory
--for insert
--as
--begin
--	declare @starthour int
--	declare @startminute int
--	declare @endhour int
--	declare @endminute int
--	declare @foremp varchar(10)
--	declare @formonth int
--	declare @foryear int
--	declare @workhour float
--	select @starthour = starthour from inserted
--	select @startminute = startminute from inserted
--	select @endhour = endhour from inserted
--	select @endminute = endminute from inserted
--	select @foremp = emp_id from inserted
--	select @formonth = month(workday) from inserted
--	select @foryear = year(workday) from inserted
--	select @workhour = cast((cast(@endhour as float) - cast(@starthour as float)) + ((cast(@endminute as float) - cast(@startminute as float))/cast(60.0 as float)) as float)

--	update SalaryNote
--	set work_hour += @workhour
--	where emp_id = @foremp and for_month = @formonth and for_year = @foryear

--	update SalaryNote
--	set salary_value = work_hour * (select hour_wage from Employee E where E.emp_id = @foremp)
--	where emp_id = @foremp and for_month = @formonth and for_year = @foryear
--end
--go
-- end auto execute trigger


insert into AdminRes values
('AD00000001', 'admin_username1', 'password2', N'Ton That Vinh'),
('AD00000002', 'admin_username2', 'password3', N'Luu Duc Trung')
go


insert into Employee values
('EMP0000001',	'AD00000001', 'emp_username1', 	'password1',	N'Phạm Thanh Bình', 	'1996-01-01',	'2017-10-01',	10,		N'KTX trường Tôn Đức Thắng',						'example_email1@gmail.com',		'0969876940',	1, 0),
('EMP0000002',	'AD00000001', 'emp_username2', 	'password2',	N'Nguyễn Khánh Duy', 	'1996-01-01',	'2017-10-01',	12,		N'KTX trường Tôn Đức Thắng',						'example_email2@gmail.com',		'0964753827',	1, 0),
('EMP0000003',	'AD00000001', 'emp_username3', 	'password3',	N'Lý Đông Nghi', 		'1996-01-01',	'2017-10-01',	11,		N'19 Nguyễn Hữu Thọ, Tân Phong, Quận 7',			'example_email3@gmail.com',		'01677048100',	1, 0),
('EMP0000004',	'AD00000001', 'emp_username4', 	'password4',	N'Bảo Nguyên', 			'1996-01-01',	'2017-10-01',	12,		N'1017/34 Lê Văn Lương, Phước Kiển, Nhà Bè',		'example_email4@gmail.com',		'0965164474',	2, 0),
('EMP0000005',	'AD00000001', 'emp_username5', 	'password5',	N'Lương Nhật Duy', 		'1996-01-01',	'2017-10-01',	11,		N'10/7 Lý Phục Mang, Quận 7',						'example_email5@gmail.com',		'01215925627',	2, 0),
('EMP0000006',	'AD00000001', 'emp_username6', 	'password6',	N'Đinh Thanh Hưng', 	'1996-01-01',	'2017-10-01',	10,		N'1558A phường 7, Quận 8',							'example_email6@gmail.com',		'01207305775',	2, 0)
go


insert into Customer values
('CUS0000001', N'Guest',				'',		'',		0, 0),
('CUS0000002', N'Lưu Đức Trung',		'',		'',		20, 0),
('CUS0000003', N'Phạm Thanh Bình',		'',		'',		20, 0),
('CUS0000004', N'Nguyễn Khánh Duy',		'',		'',		20, 0),
('CUS0000005', N'Lý Đông Nghi',			'',		'',		20, 0),
('CUS0000006', N'Bảo Nguyên',			'',		'',		20, 0),
('CUS0000007', N'Lương Nhật Duy',		'',		'',		20, 0),
('CUS0000008', N'Đinh Thanh Hưng',		'',		'',		20, 0),
('CUS0000009', N'Ngọc Phấn',			'',		'',		20, 0),
('CUS0000010', N'Hữu Phát',				'',		'',		20, 0),
('CUS0000011', N'Phan Việt Nhân',		'',		'',		20, 0),
('CUS0000012', N'Nguyễn Thị Diễm My',	'',		'',		20, 0),
('CUS0000013', N'Phan Thanh Hằng',		'',		'',		20, 0),
('CUS0000014', N'Đặng Anh Thư',			'',		'',		20, 0),
('CUS0000015', N'Hà Nguyễn Nhật Minh',	'',		'',		20, 0),
('CUS0000016', N'Phan Hữu Tiến',		'',		'',		20, 0),
('CUS0000017', N'Ngô Thanh Hiếu',		'',		'',		20, 0)
go


insert into WareHouse values
('WAH0000001',	0),
('WAH0000002',	0),
('WAH0000003',	0),
('WAH0000004',	0),
('WAH0000005',	0),
('WAH0000006',	0),
('WAH0000007',	0),
('WAH0000008',	0),
('WAH0000009',	0),
('WAH0000010',	0),
('WAH0000011',	0),
('WAH0000012',	0),
('WAH0000013',	0),
('WAH0000014',	0),
('WAH0000015',	0),
('WAH0000016',	0),
('WAH0000017',	0),
('WAH0000018',	0),
('WAH0000019',	0),
('WAH0000020',	0),
('WAH0000021',	0),
('WAH0000022',	0),
('WAH0000023',	0),
('WAH0000024',	0),
('WAH0000025',	0),
('WAH0000026',	0),
('WAH0000027',	0),
('WAH0000028',	0),
('WAH0000029',	0),
('WAH0000030',	0),
('WAH0000031',	0),
('WAH0000032',	0),
('WAH0000033',	0),
('WAH0000034',	0),
('WAH0000035',	0),
('WAH0000036',	0),
('WAH0000037',	0),
('WAH0000038',	0),
('WAH0000039',	0),
('WAH0000040',	0),
('WAH0000041',	0),
('WAH0000042',	0),
('WAH0000043',	0),
('WAH0000044',	0),
('WAH0000045',	0),
('WAH0000046',	0),
('WAH0000047',	0)
go

insert into Ingredient values
('IGD0000001',	'WAH0000001',	N'pepsi', 					N'',		0,	N'khô',			N'thùng',	130,0),
('IGD0000002',	'WAH0000002',	N'aquafina', 				N'',		0,	N'khô',			N'thùng',	90,	0),
('IGD0000003',	'WAH0000003',	N'7up', 					N'',		0,	N'khô',			N'thùng',	150,0),
('IGD0000004',	'WAH0000004',	N'water bottle (big)', 		N'',		0,	N'khô',			N'bình',	90,	0),
('IGD0000005',	'WAH0000005',	N'Coffee Bean', 			N'',		0,	N'khô',			N'kí',		0,	0),
('IGD0000006',	'WAH0000006',	N'Trung Nguyen coffee S', 	N'',		0,	N'khô',			N'bịch',	45,	0),
('IGD0000007',	'WAH0000007',	N'Dalat milk', 				N'',		0,	N'sữa',			N'hộp',		0,	0),
('IGD0000008',	'WAH0000008',	N'Dutch Lady milk', 		N'',		0,	N'sữa',			N'hộp',		0,	0),
('IGD0000009',	'WAH0000009',	N'Condense milk', 			N'',		0,	N'sữa',			N'hộp',		0,	0),
('IGD0000010',	'WAH0000010',	N'Soda', 					N'',		0,	N'khô',			N'thùng',	0,	0),
('IGD0000011',	'WAH0000011',	N'Whipping cream', 			N'',		0,	N'sữa',			N'hộp',		0,	0),
('IGD0000012',	'WAH0000012',	N'Cream cheese', 			N'',		0,	N'sữa',			N'hộp',		0,	0),
('IGD0000013',	'WAH0000013',	N'Milk Tea Powder', 		N'',		0,	N'khô',			N'hộp',		0,	0),
('IGD0000014',	'WAH0000014',	N'Matcha Tea Powder', 		N'',		0,	N'khô',			N'hộp',		0,	0),
('IGD0000015',	'WAH0000015',	N'Durian coffee Powder', 	N'',		0,	N'khô',			N'hộp',		0,	0),
('IGD0000016',	'WAH0000016',	N'Peach Tea Bag(cozy)', 	N'',		0,	N'khô',			N'hộp',		0,	0),
('IGD0000017',	'WAH0000017',	N'Strawberry Tea Bag(cozy)',N'',		0,	N'khô',			N'hộp',		0,	0),
('IGD0000018',	'WAH0000018',	N'Apple Tea bag(cozy)', 	N'',		0,	N'khô',			N'hộp',		0,	0),
('IGD0000019',	'WAH0000019',	N'Lemon Tea bag(cozy)', 	N'',		0,	N'khô',			N'hộp',		0,	0),
('IGD0000020',	'WAH0000020',	N'Cacao Powder', 			N'',		0,	N'khô',			N'bịch',	0,	0),
('IGD0000021',	'WAH0000021',	N'sugar (bar)', 			N'',		0,	N'khô',			N'kí',		0,	0),
('IGD0000022',	'WAH0000022',	N'Icing sugar', 			N'',		0,	N'khô',			N'kí',		0,	0),
('IGD0000023',	'WAH0000023',	N'Peach Can', 				N'',		0,	N'khô',			N'lon',		0,	0),
('IGD0000024',	'WAH0000024',	N'Mandarin orange Can', 	N'',		0,	N'khô',			N'lon',		0,	0),
('IGD0000028',	'WAH0000028',	N'Mint leaf', 				N'',		0,	N'rau củ',		N'kí',		0,	0),
('IGD0000029',	'WAH0000029',	N'Blue curacao syrup', 		N'',		0,	N'khô',			N'chai',	0,	0),
('IGD0000030',	'WAH0000030',	N'Peach syrup', 			N'',		0,	N'khô',			N'chai',	0,	0),
('IGD0000031',	'WAH0000031',	N'Ginger honey sauce', 		N'',		0,	N'khô',			N'bình',	0,	0),
('IGD0000032',	'WAH0000032',	N'Ketchup (bar)', 			N'',		0,	N'khô',			N'chai',	0,	0),
('IGD0000033',	'WAH0000033',	N'Chilli sauce (bar)',		N'',		0,	N'khô',			N'chai',	0,	0),
('IGD0000027',	'WAH0000027',	N'Lemon', 					N'',		2,	N'rau củ',		N'trái',	0,	0),
('IGD0000025',	'WAH0000025',	N'Yellow orange', 			N'',		2,	N'rau củ',		N'trái',	0,	0),
('IGD0000026',	'WAH0000026',	N'Green orange', 			N'',		2,	N'rau củ',		N'trái',	0,	0),
('IGD0000034',	'WAH0000034',	N'ice', 					N'',		3,	N'khô',			N'bịch',	0,	0),
('IGD0000035',	'WAH0000035',	N'Plastic cup', 			N'',		3,	N'vật dụng',	N'lóc',		0,	0),
('IGD0000036',	'WAH0000036',	N'Plastic cover', 			N'',		3,	N'vật dụng',	N'lóc',		0,	0),
('IGD0000037',	'WAH0000037',	N'Paper cup', 				N'',		3,	N'vật dụng',	N'lóc',		0,	0),
('IGD0000038',	'WAH0000038',	N'Black cover', 			N'',		3,	N'vật dụng',	N'lóc',		0,	0),
('IGD0000039',	'WAH0000039',	N'Straw', 					N'',		3,	N'vật dụng',	N'lóc',		0,	0),
('IGD0000040',	'WAH0000040',	N'Toilet paper', 			N'',		3,	N'vật dụng',	N'cuộn',	0,	0),
('IGD0000041',	'WAH0000041',	N'Napkin', 					N'',		3,	N'vật dụng',	N'lóc',		0,	0),
('IGD0000042',	'WAH0000042',	N'Aroma', 					N'',		3,	N'vật dụng',	N'bình',	0,	0),
('IGD0000043',	'WAH0000043',	N'Trash bag', 				N'',		3,	N'vật dụng',	N'cuộn',	0,	0),
('IGD0000044',	'WAH0000044',	N'Print paper', 			N'',		3,	N'vật dụng',	N'cuộn',	0,	0),
('IGD0000045',	'WAH0000045',	N'Bag T', 					N'',		3,	N'vật dụng',	N'lóc',		0,	0),
('IGD0000046',	'WAH0000046',	N'Chocalate bar',			N'',		0,	N'khô',			N'kí',		0,	0),
('IGD0000047',	'WAH0000047',	N'Other purchase',			N'',		3,	N'chi phí',		N'lần',		0,	0)
go


insert into Product
	([product_id], [name], [info], [price], [type], [deleted], [Discount])
values		-- đồ uống
('P000000030',	N'pepsi',					N'',		25,		0, 0, 0),
('P000000031',	N'7up',						N'',		25,		0, 0, 0),
('P000000032',	N'water',					N'',		25,		0, 0, 0),
('P000000033',	N'black coffee',			N'',		30,		0, 0, 0),
('P000000034',	N'coffee milk',				N'',		35,		0, 0, 0),
('P000000035',	N'cream coffee',			N'',		40,		0, 0, 0),
('P000000036',	N'americano',				N'',		40,		0, 0, 0),
('P000000037',	N'durian coffee',			N'',		50,		0, 0, 0),
('P000000038',	N'coffee latte',			N'',		50,		0, 0, 0),
('P000000039',	N'cappucino',				N'',		50,		0, 0, 0),
('P000000040',	N'orange coffee',			N'',		50,		0, 0, 0),
('P000000041',	N'tiramisu coffee',			N'',		50,		0, 0, 0),
('P000000042',	N'chocolate coffee',		N'',		60,		0, 0, 0),
('P000000043',	N'caramel cofffee',			N'',		60,		0, 0, 0),
('P000000044',	N'strawberry tea',			N'',		30,		0, 0, 0),
('P000000045',	N'lemon tea',				N'',		30,		0, 0, 0),
('P000000046',	N'apple tea',				N'',		30,		0, 0, 0),
('P000000047',	N'milk tea',				N'',		40,		0, 0, 0),
('P000000048',	N'peach tea',				N'',		50,		0, 0, 0),
('P000000049',	N'matcha latte',			N'',		50,		0, 0, 0),
('P000000050',	N'ginger honey latte',		N'',		50,		0, 0, 0),
('P000000051',	N'hot choco',				N'',		60,		0, 0, 0),
('P000000052',	N'ice choco',				N'',		60,		0, 0, 0),
('P000000053',	N'orange juice (trái nhỏ)',	N'',		40,		0, 0, 0),
('P000000054',	N'orange ade',				N'',		40,		0, 0, 0),
('P000000055',	N'lemonade',				N'',		40,		0, 0, 0),
('P000000056',	N'orange juice (trái lớn)',	N'',		40,		0, 0, 0),
('P000000057',	N'orange juice (trái vừa)',	N'',		40,		0, 0, 0)
go

insert into Product 
	([product_id], [name], [info], [price], [type], [deleted], [Discount])
values		-- thức ăn
('P000000001',	N'plain yogurt',			N'',		25,		1, 0, 0),
('P000000002',	N'choco fondue',			N'',		70,		1, 0, 0),
('P000000003',	N'choco cloud',				N'',		55,		1, 0, 0),
('P000000004',	N'custard bread tower',		N'',		70,		1, 0, 0),
('P000000005',	N'choco muffin',			N'',		25,		1, 0, 0),
('P000000006',	N'apple muffin',			N'',		25,		1, 0, 0),
('P000000007',	N'greentea muffin',			N'',		25,		1, 0, 0),
('P000000008',	N'banana cake',				N'',		25,		1, 0, 0),
('P000000009',	N'carrot cake',				N'',		25,		1, 0, 0),
('P000000010',	N'french fries',			N'',		35,		1, 0, 0),
('P000000011',	N'french toast',			N'',		45,		1, 0, 0),
('P000000012',	N'tiramisu cake',			N'',		45,		1, 0, 0),
('P000000013',	N'cheese hotdog',			N'',		35,		1, 0, 0),
('P000000014',	N'cereal & milk',			N'',		50,		1, 0, 0),
('P000000015',	N'honey butter bread',		N'',		70,		1, 0, 0),
('P000000016',	N'pumpkin soup',			N'',		35,		1, 0, 0),
('P000000017',	N'chilli fries',			N'',		50,		1, 0, 0),
('P000000018',	N'tortillas nachos',		N'',		50,		1, 0, 0),
('P000000019',	N'chicken melt',			N'',		50,		1, 0, 0),
('P000000020',	N'comma club',				N'',		55,		1, 0, 0),
('P000000021',	N'gourmet berger',			N'',		60,		1, 0, 0),
('P000000022',	N'spaghetti bolognese',		N'',		55,		1, 0, 0),
('P000000023',	N'spaghetti carbonara',		N'',		55,		1, 0, 0),
('P000000024',	N'noodle eggs omelette',	N'',		45,		1, 0, 0),
('P000000025',	N'chicken burrito',			N'',		60,		1, 0, 0),
('P000000026',	N'hawaiian pizza',			N'',		60,		1, 0, 0),
('P000000027',	N'comma pizza',				N'',		60,		1, 0, 0),
('P000000028',	N'chicken cajun salad',		N'',		55,		1, 0, 0),
('P000000029',	N'bibimbob',				N'',		60,		1, 0, 0)	
go

insert into ProductDetails values
('PD00000001','P000000031',	'IGD0000002',	1,		N'chai'			),
('PD00000002','P000000032',	'IGD0000003',	1,		N'chai'			),
('PD00000003','P000000033',	'IGD0000006',	50,		N'ml'			),
('PD00000004','P000000033',	'IGD0000021',	1,		N'lần syrup'	),
('PD00000005','P000000034',	'IGD0000006',	40,		N'ml'			),
('PD00000006','P000000034',	'IGD0000009',	20,		N'ml'			),
('PD00000007','P000000035',	'IGD0000006',	40,		N'ml'			),
('PD00000008','P000000035',	'IGD0000007',	1,		N'milkF'		),
('PD00000009','P000000035',	'IGD0000021',	2,		N'lần syrup'	),
('PD00000010','P000000035',	'IGD0000022',	10,		N'gram'			),
('PD00000011','P000000036',	'IGD0000005',	1,		N'shot'			),
('PD00000012','P000000036',	'IGD0000021',	1,		N'lần syrup'	),
('PD00000013','P000000037',	'IGD0000007',	1,		N'Milk(1Cup)'	),
('PD00000014','P000000037',	'IGD0000009',	10,		N'ml'			),
('PD00000015','P000000037',	'IGD0000015',	1,		N'gói'			),
('PD00000016','P000000038',	'IGD0000005',	1,		N'shot'			),
('PD00000017','P000000038',	'IGD0000007',	1,		N'Milk(1Cup)'	),
('PD00000018','P000000038',	'IGD0000021',	2,		N'lần dường'	),
('PD00000019','P000000039',	'IGD0000005',	1,		N'shot'		),
('PD00000020','P000000039',	'IGD0000007',	1,		N'Milk(1Cup)'	),
('PD00000021','P000000039',	'IGD0000021',	2,		N'lần syrup'	),
('PD00000022','P000000042',	'IGD0000005',	2,		N'shot'			),
('PD00000023','P000000042',	'IGD0000007',	1,		N'Milk(1Cup)'	),
('PD00000024','P000000042',	'IGD0000021',	3,		N'lần syrup'	),
('PD00000028','P000000042',	'IGD0000007',	1,		N'nl choco'		),
('PD00000029','P000000042',	'IGD0000021',	1,		N'nl choco'		),
('PD00000030','P000000042',	'IGD0000046',	1,		N'nl choco'		),
('PD00000031','P000000043',	'IGD0000005',	1,		N'shot'			),
('PD00000088','P000000043',	'IGD0000007',	1,		N'Milk(1Cup)'	),
('PD00000032','P000000043',	'IGD0000021',	3,		N'lần syrup'	),
('PD00000033','P000000043',	'IGD0000021',	1,		N'nl caramel'	),
('PD00000027','P000000040',	'IGD0000005',	1,		N'shot'			),
('PD00000025','P000000040',	'IGD0000007',	1,		N'Milk(1Cup)'	),
('PD00000026','P000000040',	'IGD0000021',	2,		N'lần syrup'	),
('PD00000034','P000000040',	'IGD0000024',	20,		N'gram'			),
('PD00000035','P000000040',	'IGD0000007',	0.5,	N'milkF'		),
('PD00000036','P000000041',	'IGD0000005',	1,		N'shot'		),
('PD00000037','P000000041',	'IGD0000007',	1,		N'Milk(1Cup)'	),
('PD00000038','P000000041',	'IGD0000020',	10,		N'gram'			),
('PD00000039','P000000041',	'IGD0000021',	2,		N'lần syrup'	),
('PD00000040','P000000041',	'IGD0000022',	5,		N'gram'		),
('PD00000041','P000000041',	'IGD0000007',	0.5,	N'milkF'		),
('PD00000042','P000000041',	'IGD0000011',	1,		N'nl tiramisu'	),
('PD00000043','P000000041',	'IGD0000012',	1,		N'nl tiramisu'	),
('PD00000044','P000000041',	'IGD0000021',	1,		N'nl tiramisu'	),
('PD00000045','P000000044',	'IGD0000017',	1,		N'túi lọc'		),
('PD00000046','P000000044',	'IGD0000021',	1,		N'lần syrup'	),
('PD00000047','P000000045',	'IGD0000019',	1,		N'túi lọc'		),
('PD00000048','P000000045',	'IGD0000021',	1,		N'lần syrup'	),
('PD00000049','P000000046',	'IGD0000018',	1,		N'túi lọc'		),
('PD00000050','P000000046',	'IGD0000021',	1,		N'lần syrup'	),
('PD00000051','P000000047',	'IGD0000009',	15,		N'ml'			),
('PD00000052','P000000047',	'IGD0000013',	1.5,	N'gói'			),
('PD00000053','P000000048',	'IGD0000016',	1,		N'gói'			),
('PD00000054','P000000048',	'IGD0000021',	4,		N'lần syrup'	),
('PD00000055','P000000048',	'IGD0000023',	3,		N'miếng'		),
('PD00000056','P000000048',	'IGD0000030',	4,		N'lần syrup'	),
('PD00000057','P000000049',	'IGD0000007',	1,		N'Milk(1Cup)'	),
('PD00000058','P000000049',	'IGD0000014',	1.5,	N'gói'			),
('PD00000059','P000000050',	'IGD0000007',	1,		N'Milk(1Cup)'	),
('PD00000060','P000000050',	'IGD0000031',	20,		N'ml'			),
('PD00000061','P000000051',	'IGD0000021',	1,		N'lần syrup'	),
('PD00000062','P000000051',	'IGD0000007',	1,		N'nl choco'		),
('PD00000063','P000000051',	'IGD0000021',	1,		N'nl choco'		),
('PD00000064','P000000051',	'IGD0000046',	1,		N'nl choco'		),
('PD00000065','P000000052',	'IGD0000021',	1,		N'lần syrup'	),
('PD00000066','P000000052',	'IGD0000007',	1,		N'nl choco'		),
('PD00000067','P000000052',	'IGD0000021',	1,		N'nl choco'		),
('PD00000068','P000000052',	'IGD0000046',	1,		N'nl choco'		),
('PD00000069','P000000057',	'IGD0000026',	1,		N'trái vừa'		),
('PD00000070','P000000053',	'IGD0000026',	2,		N'trái nhỏ'		),
('PD00000071','P000000056',	'IGD0000026',	0.5,	N'trái lớn'		),
('PD00000072','P000000054',	'IGD0000026',	1,		N'trái'		),
('PD00000073','P000000054',	'IGD0000003',	100,	N'ml'			),
('PD00000074','P000000054',	'IGD0000021',	1,		N'lần syrup'	),
('PD00000075','P000000055',	'IGD0000010',	100,	N'ml'			),
('PD00000076','P000000055',	'IGD0000021',	6,		N'lần syrup'	),
('PD00000077','P000000055',	'IGD0000029',	4,		N'lần syrup'	),
('PD00000078','P000000055',	'IGD0000027',	1,		N'trái'			),
('PD00000079','P000000030',	'IGD0000001',	1,		N'chai'			)
go

insert into SalaryNote
	([sn_id], [emp_id], [salary_value], [work_hour], [for_month], [for_year], [is_paid])
values
('SAN0000001', 'EMP0000001', 300, 30, 11, 2017, 0),
('SAN0000002', 'EMP0000002', 240, 20, 11, 2017, 0),
('SAN0000003', 'EMP0000003', 110, 10, 11, 2017, 0),
('SAN0000004', 'EMP0000004', 300, 30, 11, 2017, 0),
('SAN0000005', 'EMP0000005', 240, 20, 11, 2017, 0),
('SAN0000006', 'EMP0000006', 110, 10, 11, 2017, 0),
('SAN0000007', 'EMP0000001', 300, 30, 10, 2017, 1),
('SAN0000008', 'EMP0000002', 240, 20, 10, 2017, 1),
('SAN0000009', 'EMP0000003', 110, 10, 10, 2017, 1),
('SAN0000010', 'EMP0000004', 300, 30, 10, 2017, 1),
('SAN0000011', 'EMP0000005', 240, 20, 10, 2017, 1),
('SAN0000012', 'EMP0000006', 110, 10, 10, 2017, 1),
('SAN0000013', 'EMP0000001', 300, 30, 9, 2017, 1),
('SAN0000014', 'EMP0000002', 240, 20, 9, 2017, 1),
('SAN0000015', 'EMP0000003', 110, 10, 9, 2017, 1),
('SAN0000016', 'EMP0000004', 300, 30, 9, 2017, 1),
('SAN0000017', 'EMP0000005', 240, 20, 9, 2017, 1),
('SAN0000018', 'EMP0000006', 110, 10, 9, 2017, 1)


insert into WorkingHistory 
	([wh_id], [result_salary], [emp_id], [startTime], [endTime])
values		-- thức ăn
('WOH0000001', 'SAN0000001',	'EMP0000001', '2017-11-01 08:0:0', '2017-11-01 12:0:0'),
('WOH0000002', 'SAN0000001',	'EMP0000001', '2017-11-02 08:0:0', '2017-11-02 12:0:0'),
('WOH0000003', 'SAN0000001',	'EMP0000001', '2017-11-03 08:0:0', '2017-11-03 12:0:0'),
('WOH0000004', 'SAN0000001',	'EMP0000001', '2017-11-06 08:0:0', '2017-11-06 12:0:0'),
('WOH0000005', 'SAN0000001',	'EMP0000001', '2017-11-10 08:0:0', '2017-11-10 12:0:0'),
('WOH0000006', 'SAN0000001',	'EMP0000001', '2017-11-11 12:0:0', '2017-11-11 22:0:0'),
('WOH0000007', 'SAN0000002',	'EMP0000002', '2017-11-03 12:0:0', '2017-11-03 22:0:0'),
('WOH0000008', 'SAN0000002',	'EMP0000002', '2017-11-04 08:0:0', '2017-11-04 18:0:0'),
('WOH0000009', 'SAN0000003',	'EMP0000003', '2017-11-01 08:0:0', '2017-11-01 12:0:0'),
('WOH0000010', 'SAN0000003',	'EMP0000003', '2017-11-04 08:0:0', '2017-11-04 12:0:0'),
('WOH0000011', 'SAN0000003',	'EMP0000003', '2017-11-04 08:0:0', '2017-11-04 10:0:0'),
('WOH0000012', 'SAN0000004',	'EMP0000004', '2017-11-01 08:0:0', '2017-11-01 12:0:0'),
('WOH0000013', 'SAN0000004',	'EMP0000004', '2017-11-02 08:0:0', '2017-11-02 12:0:0'),
('WOH0000014', 'SAN0000004',	'EMP0000004', '2017-11-03 08:0:0', '2017-11-03 12:0:0'),
('WOH0000015', 'SAN0000004',	'EMP0000004', '2017-11-06 08:0:0', '2017-11-06 12:0:0'),
('WOH0000016', 'SAN0000004',	'EMP0000004', '2017-11-10 08:0:0', '2017-11-10 12:0:0'),
('WOH0000017', 'SAN0000004',	'EMP0000004', '2017-11-11 12:0:0', '2017-11-11 22:0:0'),
('WOH0000018', 'SAN0000005',	'EMP0000005', '2017-11-03 12:0:0', '2017-11-03 22:0:0'),
('WOH0000019', 'SAN0000005',	'EMP0000005', '2017-11-04 08:0:0', '2017-11-04 18:0:0'),
('WOH0000020', 'SAN0000006',	'EMP0000006', '2017-11-01 08:0:0', '2017-11-01 12:0:0'),
('WOH0000021', 'SAN0000006',	'EMP0000006', '2017-11-04 08:0:0', '2017-11-04 12:0:0'),
('WOH0000022', 'SAN0000006',	'EMP0000006', '2017-11-04 08:0:0', '2017-11-04 10:0:0'),
('WOH0000023', 'SAN0000007',	'EMP0000001', '2017-10-01 08:0:0', '2017-10-01 12:0:0'),
('WOH0000024', 'SAN0000007',	'EMP0000001', '2017-10-02 08:0:0', '2017-10-02 12:0:0'),
('WOH0000025', 'SAN0000007',	'EMP0000001', '2017-10-03 08:0:0', '2017-10-03 12:0:0'),
('WOH0000026', 'SAN0000007',	'EMP0000001', '2017-10-06 08:0:0', '2017-10-06 12:0:0'),
('WOH0000027', 'SAN0000007',	'EMP0000001', '2017-10-10 08:0:0', '2017-10-10 12:0:0'),
('WOH0000028', 'SAN0000007',	'EMP0000001', '2017-10-11 12:0:0', '2017-10-11 22:0:0'),
('WOH0000029', 'SAN0000008',	'EMP0000002', '2017-10-03 12:0:0', '2017-10-03 22:0:0'),
('WOH0000030', 'SAN0000008',	'EMP0000002', '2017-10-04 08:0:0', '2017-10-04 18:0:0'),
('WOH0000031', 'SAN0000009',	'EMP0000003', '2017-10-01 08:0:0', '2017-10-01 12:0:0'),
('WOH0000032', 'SAN0000009',	'EMP0000003', '2017-10-04 08:0:0', '2017-10-04 12:0:0'),
('WOH0000033', 'SAN0000009',	'EMP0000003', '2017-10-04 08:0:0', '2017-10-04 10:0:0'),
('WOH0000034', 'SAN0000010',	'EMP0000004', '2017-10-01 08:0:0', '2017-10-01 12:0:0'),
('WOH0000035', 'SAN0000010',	'EMP0000004', '2017-10-02 08:0:0', '2017-10-02 12:0:0'),
('WOH0000036', 'SAN0000010',	'EMP0000004', '2017-10-03 08:0:0', '2017-10-03 12:0:0'),
('WOH0000037', 'SAN0000010',	'EMP0000004', '2017-10-06 08:0:0', '2017-10-06 12:0:0'),
('WOH0000038', 'SAN0000010',	'EMP0000004', '2017-10-10 08:0:0', '2017-10-10 12:0:0'),
('WOH0000039', 'SAN0000010',	'EMP0000004', '2017-10-11 12:0:0', '2017-10-11 22:0:0'),
('WOH0000040', 'SAN0000011',	'EMP0000005', '2017-10-03 12:0:0', '2017-10-03 22:0:0'),
('WOH0000041', 'SAN0000011',	'EMP0000005', '2017-10-04 08:0:0', '2017-10-04 18:0:0'),
('WOH0000042', 'SAN0000012',	'EMP0000006', '2017-10-01 08:0:0', '2017-10-01 12:0:0'),
('WOH0000043', 'SAN0000012',	'EMP0000006', '2017-10-04 08:0:0', '2017-10-04 12:0:0'),
('WOH0000044', 'SAN0000012',	'EMP0000006', '2017-10-04 08:0:0', '2017-10-04 10:0:0'),
('WOH0000045', 'SAN0000013',	'EMP0000001', '2017-09-01 08:0:0', '2017-09-01 12:0:0'),
('WOH0000046', 'SAN0000013',	'EMP0000001', '2017-09-02 08:0:0', '2017-09-02 12:0:0'),
('WOH0000047', 'SAN0000013',	'EMP0000001', '2017-09-03 08:0:0', '2017-09-03 12:0:0'),
('WOH0000048', 'SAN0000013',	'EMP0000001', '2017-09-06 08:0:0', '2017-09-06 12:0:0'),
('WOH0000049', 'SAN0000013',	'EMP0000001', '2017-09-10 08:0:0', '2017-09-10 12:0:0'),
('WOH0000050', 'SAN0000013',	'EMP0000001', '2017-09-11 12:0:0', '2017-09-11 22:0:0'),
('WOH0000051', 'SAN0000014',	'EMP0000002', '2017-09-03 12:0:0', '2017-09-03 22:0:0'),
('WOH0000052', 'SAN0000014',	'EMP0000002', '2017-09-04 08:0:0', '2017-09-04 18:0:0'),
('WOH0000053', 'SAN0000015',	'EMP0000003', '2017-09-01 08:0:0', '2017-09-01 12:0:0'),
('WOH0000054', 'SAN0000015',	'EMP0000003', '2017-09-04 08:0:0', '2017-09-04 12:0:0'),
('WOH0000055', 'SAN0000015',	'EMP0000003', '2017-09-04 08:0:0', '2017-09-04 10:0:0'),
('WOH0000056', 'SAN0000016',	'EMP0000004', '2017-09-01 08:0:0', '2017-09-01 12:0:0'),
('WOH0000057', 'SAN0000016',	'EMP0000004', '2017-09-02 08:0:0', '2017-09-02 12:0:0'),
('WOH0000058', 'SAN0000016',	'EMP0000004', '2017-09-03 08:0:0', '2017-09-03 12:0:0'),
('WOH0000059', 'SAN0000016',	'EMP0000004', '2017-09-06 08:0:0', '2017-09-06 12:0:0'),
('WOH0000060', 'SAN0000016',	'EMP0000004', '2017-09-10 08:0:0', '2017-09-10 12:0:0'),
('WOH0000061', 'SAN0000016',	'EMP0000004', '2017-09-11 12:0:0', '2017-09-11 22:0:0'),
('WOH0000062', 'SAN0000017',	'EMP0000005', '2017-09-03 12:0:0', '2017-09-03 22:0:0'),
('WOH0000063', 'SAN0000017',	'EMP0000005', '2017-09-04 08:0:0', '2017-09-04 18:0:0'),
('WOH0000064', 'SAN0000018',	'EMP0000006', '2017-09-01 08:0:0', '2017-09-01 12:0:0'),
('WOH0000065', 'SAN0000018',	'EMP0000006', '2017-09-04 08:0:0', '2017-09-04 12:0:0'),
('WOH0000066', 'SAN0000018',	'EMP0000006', '2017-09-04 08:0:0', '2017-09-04 10:0:0')


insert into [OrderNote]
	([ordernote_id], [cus_id], [emp_id], [ordertable], [ordertime], [total_price], [customer_pay], [pay_back])
values
('ORD0000001', 'CUS0000001', 'EMP0000001', 1, '2017-10-08 17:57:28.533', 120, 120, 0),
('ORD0000002', 'CUS0000001', 'EMP0000001', 2, '2017-10-10 19:50:28.533', 260, 260, 0),
('ORD0000003', 'CUS0000002', 'EMP0000004', 3, '2017-10-11 10:00:28.533', 235, 235, 0),
('ORD0000004', 'CUS0000001', 'EMP0000001', 1, '2017-10-12 13:20:28.533', 590, 590, 0),
('ORD0000005', 'CUS0000001', 'EMP0000001', 2, '2017-10-12 17:00:28.533', 305, 305, 0),
('ORD0000006', 'CUS0000001', 'EMP0000002', 3, '2017-10-12 14:30:28.533', 230, 230, 0),
('ORD0000007', 'CUS0000001', 'EMP0000001', 1, '2017-10-12 20:00:28.533', 120, 200, 80),
('ORD0000008', 'CUS0000001', 'EMP0000002', 4, '2017-10-12 20:10:28.533', 555, 555, 0),
('ORD0000009', 'CUS0000002', 'EMP0000001', 2, '2017-10-12 20:11:28.533', 250, 250, 0),
('ORD0000010', 'CUS0000003', 'EMP0000004', 1, '2017-10-13 08:20:28.533', 160, 160, 0),
('ORD0000011', 'CUS0000001', 'EMP0000005', 2, '2017-10-13 11:25:28.533', 360, 360, 0),
('ORD0000012', 'CUS0000001', 'EMP0000004', 3, '2017-10-13 11:30:28.533', 390, 390, 0),
('ORD0000013', 'CUS0000001', 'EMP0000004', 4, '2017-10-13 11:35:28.533', 300, 300, 0),
('ORD0000014', 'CUS0000001', 'EMP0000004', 1, '2017-10-13 12:00:28.533', 480, 500, 20),
('ORD0000015', 'CUS0000001', 'EMP0000005', 8, '2017-10-13 12:05:28.533', 365, 365, 0),
('ORD0000016', 'CUS0000001', 'EMP0000005', 8, '2017-10-13 13:15:28.533', 310, 310, 0),
('ORD0000017', 'CUS0000001', 'EMP0000002', 8, '2017-10-14 10:00:28.533', 260, 260, 0),
('ORD0000018', 'CUS0000001', 'EMP0000002', 8, '2017-10-14 11:20:28.533', 310, 310, 0)



insert into [OrderNoteDetails]
	([ordernote_id], [product_id], [quan])
values
('ORD0000001', 'P000000044', 1),
('ORD0000001', 'P000000047', 1),
('ORD0000001', 'P000000049', 1),
('ORD0000002', 'P000000047', 2),
('ORD0000002', 'P000000050', 1),
('ORD0000002', 'P000000001', 3),
('ORD0000002', 'P000000044', 1),
('ORD0000002', 'P000000030', 1),
('ORD0000003', 'P000000001', 1),
('ORD0000003', 'P000000012', 1),
('ORD0000003', 'P000000025', 2),
('ORD0000003', 'P000000056', 1),
('ORD0000003', 'P000000011', 1),
('ORD0000004', 'P000000044', 1),
('ORD0000004', 'P000000014', 1),
('ORD0000004', 'P000000015', 2),
('ORD0000004', 'P000000010', 3),
('ORD0000004', 'P000000029', 1),
('ORD0000004', 'P000000011', 1),
('ORD0000004', 'P000000054', 4),
('ORD0000005', 'P000000017', 1),
('ORD0000005', 'P000000020', 2),
('ORD0000005', 'P000000022', 1),
('ORD0000005', 'P000000011', 2),
('ORD0000006', 'P000000030', 3),
('ORD0000006', 'P000000047', 1),
('ORD0000006', 'P000000031', 1),
('ORD0000006', 'P000000010', 1),
('ORD0000006', 'P000000020', 1),
('ORD0000007', 'P000000044', 1),
('ORD0000007', 'P000000047', 1),
('ORD0000007', 'P000000049', 1),
('ORD0000008', 'P000000014', 1),
('ORD0000008', 'P000000010', 2),
('ORD0000008', 'P000000050', 2),
('ORD0000008', 'P000000011', 1),
('ORD0000008', 'P000000012', 3),
('ORD0000008', 'P000000020', 1),
('ORD0000008', 'P000000019', 2),
('ORD0000009', 'P000000001', 3),
('ORD0000009', 'P000000009', 2),
('ORD0000009', 'P000000011', 1),
('ORD0000009', 'P000000045', 1),
('ORD0000009', 'P000000049', 1),
('ORD0000010', 'P000000034', 3),
('ORD0000010', 'P000000033', 2),
('ORD0000011', 'P000000010', 1),
('ORD0000011', 'P000000011', 2),
('ORD0000011', 'P000000033', 2),
('ORD0000011', 'P000000030', 2),
('ORD0000011', 'P000000020', 1),
('ORD0000011', 'P000000002', 1),
('ORD0000012', 'P000000040', 1),
('ORD0000012', 'P000000001', 1),
('ORD0000012', 'P000000002', 2),
('ORD0000012', 'P000000010', 2),
('ORD0000012', 'P000000034', 3),
('ORD0000013', 'P000000044', 1),
('ORD0000013', 'P000000047', 2),
('ORD0000013', 'P000000049', 1),
('ORD0000013', 'P000000050', 1),
('ORD0000013', 'P000000011', 2),
('ORD0000014', 'P000000010', 2),
('ORD0000014', 'P000000030', 3),
('ORD0000014', 'P000000011', 1),
('ORD0000014', 'P000000033', 1),
('ORD0000014', 'P000000020', 2),
('ORD0000014', 'P000000021', 1),
('ORD0000014', 'P000000029', 1),
('ORD0000015', 'P000000019', 2),
('ORD0000015', 'P000000020', 1),
('ORD0000015', 'P000000010', 1),
('ORD0000015', 'P000000055', 4),
('ORD0000016', 'P000000040', 2),
('ORD0000016', 'P000000047', 1),
('ORD0000016', 'P000000013', 1),
('ORD0000016', 'P000000014', 2),
('ORD0000016', 'P000000010', 1),
('ORD0000017', 'P000000048', 2),
('ORD0000017', 'P000000011', 1),
('ORD0000017', 'P000000020', 1),
('ORD0000017', 'P000000029', 1),
('ORD0000018', 'P000000013', 2),
('ORD0000018', 'P000000047', 2),
('ORD0000018', 'P000000049', 1),
('ORD0000018', 'P000000050', 1),
('ORD0000018', 'P000000021', 1)


insert into [ReceiptNote]
	([rn_id], [emp_id], [inday], [total_amount])
values
('RN00000001', 'EMP0000001', '2017-10-08 17:57:28.533', 200),
('RN00000002', 'EMP0000002', '2017-10-08 17:57:28.533', 1200),
('RN00000003', 'EMP0000001', '2017-10-09 17:57:28.533', 400),
('RN00000004', 'EMP0000002', '2017-10-09 17:57:28.533', 800),
('RN00000005', 'EMP0000002', '2017-10-09 17:57:28.533', 100),
('RN00000006', 'EMP0000003', '2017-10-10 17:57:28.533', 2000),
('RN00000007', 'EMP0000004', '2017-10-12 17:57:28.533', 700),
('RN00000008', 'EMP0000005', '2017-10-13 17:57:28.533', 600),
('RN00000009', 'EMP0000003', '2017-10-16 17:57:28.533', 120),
('RN00000010', 'EMP0000003', '2017-10-20 17:57:28.533', 220),
('RN00000011', 'EMP0000002', '2017-11-08 17:57:28.533', 500),
('RN00000012', 'EMP0000002', '2017-11-09 17:57:28.533', 600),
('RN00000013', 'EMP0000003', '2017-11-10 17:57:28.533', 1100),
('RN00000014', 'EMP0000001', '2017-11-10 17:57:28.533', 3000),
('RN00000015', 'EMP0000001', '2017-11-14 17:57:28.533', 200),
('RN00000016', 'EMP0000001', '2017-11-15 17:57:28.533', 200),
('RN00000017', 'EMP0000001', '2017-11-15 17:57:28.533', 120),
('RN00000018', 'EMP0000001', '2017-11-15 17:57:28.533', 2500),
('RN00000019', 'EMP0000001', '2017-11-16 17:57:28.533', 100),
('RN00000020', 'EMP0000001', '2017-11-16 17:57:28.533', 500),
('RN00000021', 'EMP0000001', '2017-09-01 17:57:28.533', 400),
('RN00000022', 'EMP0000001', '2017-09-05 17:57:28.533', 100),
('RN00000023', 'EMP0000001', '2017-09-06 17:57:28.533', 150),
('RN00000024', 'EMP0000001', '2017-09-06 17:57:28.533', 220),
('RN00000025', 'EMP0000001', '2017-09-09 17:57:28.533', 260)

insert into [ReceiptNoteDetails]
	([rn_id], [igd_id], [quan], [item_price], [note])
values
('RN00000001', 'IGD0000001', 2, 100, ''),
('RN00000002', 'IGD0000047', 1, 1000, 'Tien nuoc'),
('RN00000002', 'IGD0000009', 4, 25, ''),
('RN00000002', 'IGD0000008', 2, 50, ''),
('RN00000003', 'IGD0000025', 8, 25, ''),
('RN00000003', 'IGD0000027', 10, 20, ''),
('RN00000004', 'IGD0000020', 2, 100, ''),
('RN00000004', 'IGD0000035', 4, 25, ''),
('RN00000004', 'IGD0000037', 5, 20, ''),
('RN00000004', 'IGD0000046', 8, 50, ''),
('RN00000005', 'IGD0000012', 2, 50, ''),
('RN00000006', 'IGD0000047', 1, 1800, 'Tien dien, tien rua may lanh'),
('RN00000006', 'IGD0000033', 5, 20, ''),
('RN00000006', 'IGD0000039', 2, 20, ''),
('RN00000006', 'IGD0000021', 3, 20, ''),
('RN00000007', 'IGD0000044', 60, 5, ''),
('RN00000007', 'IGD0000011', 8, 50, ''),
('RN00000008', 'IGD0000028', 10, 5, ''),
('RN00000008', 'IGD0000031', 5, 40, ''),
('RN00000008', 'IGD0000015', 3, 50, ''),
('RN00000008', 'IGD0000012', 4, 50, ''),
('RN00000009', 'IGD0000034', 1, 20, ''),
('RN00000009', 'IGD0000002', 1, 100, ''),
('RN00000010', 'IGD0000003', 2, 100, ''),
('RN00000010', 'IGD0000045', 1, 20, ''),
('RN00000011', 'IGD0000040', 2, 50, ''),
('RN00000011', 'IGD0000024', 5, 40, ''),
('RN00000011', 'IGD0000042', 10, 20, ''),
('RN00000012', 'IGD0000008', 6, 50, ''),
('RN00000012', 'IGD0000007', 6, 50, ''),
('RN00000013', 'IGD0000047', 1, 1100, 'Tien gas'),
('RN00000014', 'IGD0000047', 1, 3000, 'Mua bep gas, Mua lo vi song'),
('RN00000015', 'IGD0000005', 2, 100, ''),
('RN00000016', 'IGD0000003', 1, 100, ''),
('RN00000016', 'IGD0000006', 1, 100, ''),
('RN00000017', 'IGD0000030', 2, 50, ''),
('RN00000017', 'IGD0000028', 1, 10, ''),
('RN00000018', 'IGD0000047', 1, 2000, 'Tien gas'),
('RN00000018', 'IGD0000013', 2, 100, ''),
('RN00000018', 'IGD0000015', 1, 100, ''),
('RN00000018', 'IGD0000014', 2, 100, ''),
('RN00000019', 'IGD0000010', 1, 100, ''),
('RN00000020', 'IGD0000008', 5, 30, ''),
('RN00000020', 'IGD0000011', 7, 50, ''),
('RN00000021', 'IGD0000020', 2, 100, ''),
('RN00000021', 'IGD0000023', 4, 50, ''),
('RN00000022', 'IGD0000023', 2, 50, ''),
('RN00000023', 'IGD0000030', 3, 50, ''),
('RN00000024', 'IGD0000019', 10, 22, ''),
('RN00000025', 'IGD0000002', 2, 100, ''),
('RN00000025', 'IGD0000033', 3, 20, '')




select * from AdminRes
go
select *from ReceiptNote
go
select *from ReceiptNoteDetails
go
select * from Employee
go
select * from Customer
go
select * from Ingredient
go
select * from WareHouse
go 
select * from Product
go
select *  from ProductDetails
go

select * from SalaryNote
select * from WorkingHistory

select * from OrderNote
select * from OrderNoteDetails

select * from [Table]
select * from [Chair]
select * from [OrderTemp]
select * from [OrderDetailsTemp]

delete [OrderDetailsTemp]
delete [Chair]
delete [OrderTemp]
delete [Table]

drop table [OrderDetailsTemp]
drop table [Chair]
drop table [OrderTemp]
drop table [Table]
