create database DBAsowell
go

use DBAsowell
go
CREATE TABLE [dbo].[AdminRes] (
    [ad_id] [varchar](10) NOT NULL,
    [username] [varchar](50) NOT NULL,
    [pass] [varchar](50) NOT NULL,
    [name] [varchar](50) NOT NULL,
    CONSTRAINT [PK_dbo.AdminRes] PRIMARY KEY ([ad_id])
)
CREATE TABLE [dbo].[Employee] (
    [emp_id] [varchar](10) NOT NULL,
    [manager] [varchar](10) NOT NULL,
    [username] [varchar](50) NOT NULL,
    [pass] [varchar](50) NOT NULL,
    [name] [nvarchar](50) NOT NULL,
    [birth] [date] NOT NULL,
    [startday] [date] NOT NULL,
    [hour_wage] [int] NOT NULL,
    [addr] [nvarchar](200),
    [email] [varchar](100),
    [phone] [varchar](20),
    [emp_role] [int] NOT NULL,
    [deleted] [int] NOT NULL,
    CONSTRAINT [PK_dbo.Employee] PRIMARY KEY ([emp_id])
)
CREATE INDEX [IX_manager] ON [dbo].[Employee]([manager])
CREATE TABLE [dbo].[OrderNote] (
    [ordernote_id] [varchar](10) NOT NULL,
    [cus_id] [varchar](10),
    [emp_id] [varchar](10),
    [ordertable] [int] NOT NULL,
    [ordertime] [datetime] NOT NULL,
    [total_price] [money] NOT NULL,
    [customer_pay] [money] NOT NULL,
    [pay_back] [money] NOT NULL,
    CONSTRAINT [PK_dbo.OrderNote] PRIMARY KEY ([ordernote_id])
)
CREATE INDEX [IX_cus_id] ON [dbo].[OrderNote]([cus_id])
CREATE INDEX [IX_emp_id] ON [dbo].[OrderNote]([emp_id])
CREATE TABLE [dbo].[Customer] (
    [cus_id] [varchar](10) NOT NULL,
    [name] [nvarchar](50) NOT NULL,
    [phone] [varchar](20),
    [email] [varchar](100),
    [discount] [int] NOT NULL,
    [deleted] [int] NOT NULL,
    CONSTRAINT [PK_dbo.Customer] PRIMARY KEY ([cus_id])
)
CREATE TABLE [dbo].[OrderTemp] (
    [ordertemp_id] [int] NOT NULL IDENTITY,
    [cus_id] [varchar](10),
    [emp_id] [varchar](10),
    [table_owned] [int],
    [ordertime] [datetime] NOT NULL,
    [total_price] [money] NOT NULL,
    [customer_pay] [money] NOT NULL,
    [pay_back] [money] NOT NULL,
    CONSTRAINT [PK_dbo.OrderTemp] PRIMARY KEY ([ordertemp_id])
)
CREATE INDEX [IX_cus_id] ON [dbo].[OrderTemp]([cus_id])
CREATE INDEX [IX_emp_id] ON [dbo].[OrderTemp]([emp_id])
CREATE INDEX [IX_table_owned] ON [dbo].[OrderTemp]([table_owned])
CREATE TABLE [dbo].[OrderDetailsTemp] (
    [ordertemp_id] [int] NOT NULL,
    [product_id] [varchar](10) NOT NULL,
    [chair_id] [int] NOT NULL,
    [SelectedStats] [nvarchar](50) NOT NULL,
    [note] [varchar](500) NOT NULL,
    [quan] [int] NOT NULL,
    CONSTRAINT [PK_dbo.OrderDetailsTemp] PRIMARY KEY ([ordertemp_id], [product_id], [chair_id], [SelectedStats], [note])
)
CREATE INDEX [IX_ordertemp_id] ON [dbo].[OrderDetailsTemp]([ordertemp_id])
CREATE INDEX [IX_product_id] ON [dbo].[OrderDetailsTemp]([product_id])
CREATE INDEX [IX_chair_id] ON [dbo].[OrderDetailsTemp]([chair_id])
CREATE TABLE [dbo].[Chair] (
    [chair_id] [int] NOT NULL IDENTITY,
    [chair_number] [int] NOT NULL,
    [table_owned] [int],
    CONSTRAINT [PK_dbo.Chair] PRIMARY KEY ([chair_id])
)
CREATE INDEX [IX_table_owned] ON [dbo].[Chair]([table_owned])
CREATE TABLE [dbo].[Table] (
    [table_id] [int] NOT NULL IDENTITY,
    [table_number] [int] NOT NULL,
    [chair_amount] [int] NOT NULL,
    [pos_X] [int] NOT NULL,
    [pos_Y] [int] NOT NULL,
    [is_Pinned] [int] NOT NULL,
    [is_Ordered] [int] NOT NULL,
    [is_Locked] [int] NOT NULL,
    CONSTRAINT [PK_dbo.Table] PRIMARY KEY ([table_id])
)
CREATE TABLE [dbo].[Product] (
    [product_id] [varchar](10) NOT NULL,
    [name] [nvarchar](50) NOT NULL,
    [info] [nvarchar](100),
    [price] [money] NOT NULL,
    [type] [int] NOT NULL,
    [deleted] [int] NOT NULL,
    [ImageLink] [nvarchar](max),
    [Discount] [int] NOT NULL,
    CONSTRAINT [PK_dbo.Product] PRIMARY KEY ([product_id])
)
CREATE TABLE [dbo].[OrderNoteDetails] (
    [ordernote_id] [varchar](10) NOT NULL,
    [product_id] [varchar](10) NOT NULL,
    [quan] [int] NOT NULL,
    CONSTRAINT [PK_dbo.OrderNoteDetails] PRIMARY KEY ([ordernote_id], [product_id])
)
CREATE INDEX [IX_ordernote_id] ON [dbo].[OrderNoteDetails]([ordernote_id])
CREATE INDEX [IX_product_id] ON [dbo].[OrderNoteDetails]([product_id])
CREATE TABLE [dbo].[ProductDetails] (
    [pdetail_id] [varchar](10) NOT NULL,
    [product_id] [varchar](10) NOT NULL,
    [igd_id] [varchar](10) NOT NULL,
    [quan] [float] NOT NULL,
    [unit_use] [nvarchar](100) NOT NULL,
    CONSTRAINT [PK_dbo.ProductDetails] PRIMARY KEY ([pdetail_id])
)
CREATE INDEX [IX_product_id] ON [dbo].[ProductDetails]([product_id])
CREATE INDEX [IX_igd_id] ON [dbo].[ProductDetails]([igd_id])
CREATE TABLE [dbo].[Ingredient] (
    [igd_id] [varchar](10) NOT NULL,
    [warehouse_id] [varchar](10) NOT NULL,
    [name] [nvarchar](100) NOT NULL,
    [info] [nvarchar](300),
    [usefor] [tinyint] NOT NULL,
    [igd_type] [nvarchar](100) NOT NULL,
    [unit_buy] [nvarchar](100) NOT NULL,
    [standard_price] [money] NOT NULL,
    [deleted] [int] NOT NULL,
    CONSTRAINT [PK_dbo.Ingredient] PRIMARY KEY ([igd_id])
)
CREATE INDEX [IX_warehouse_id] ON [dbo].[Ingredient]([warehouse_id])
CREATE TABLE [dbo].[ReceiptNoteDetails] (
    [rn_id] [varchar](10) NOT NULL,
    [igd_id] [varchar](10) NOT NULL,
    [quan] [int] NOT NULL,
    [item_price] [money] NOT NULL,
    [note] [varchar](500),
    CONSTRAINT [PK_dbo.ReceiptNoteDetails] PRIMARY KEY ([rn_id], [igd_id])
)
CREATE INDEX [IX_rn_id] ON [dbo].[ReceiptNoteDetails]([rn_id])
CREATE INDEX [IX_igd_id] ON [dbo].[ReceiptNoteDetails]([igd_id])
CREATE TABLE [dbo].[ReceiptNote] (
    [rn_id] [varchar](10) NOT NULL,
    [emp_id] [varchar](10),
    [inday] [date] NOT NULL,
    [total_amount] [money] NOT NULL,
    CONSTRAINT [PK_dbo.ReceiptNote] PRIMARY KEY ([rn_id])
)
CREATE INDEX [IX_emp_id] ON [dbo].[ReceiptNote]([emp_id])
CREATE TABLE [dbo].[WareHouse] (
    [warehouse_id] [varchar](10) NOT NULL,
    [contain] [float],
    CONSTRAINT [PK_dbo.WareHouse] PRIMARY KEY ([warehouse_id])
)
CREATE TABLE [dbo].[SalaryNote] (
    [sn_id] [varchar](10) NOT NULL,
    [emp_id] [varchar](10) NOT NULL,
    [date_pay] [datetime],
    [salary_value] [money] NOT NULL,
    [work_hour] [float] NOT NULL,
    [for_month] [int] NOT NULL,
    [for_year] [int] NOT NULL,
    [is_paid] [tinyint] NOT NULL,
    CONSTRAINT [PK_dbo.SalaryNote] PRIMARY KEY ([sn_id])
)
CREATE INDEX [IX_emp_id] ON [dbo].[SalaryNote]([emp_id])
CREATE TABLE [dbo].[WorkingHistory] (
    [wh_id] [varchar](10) NOT NULL,
    [result_salary] [varchar](10),
    [emp_id] [varchar](10),
    [startTime] [datetime] NOT NULL,
    [endTime] [datetime] NOT NULL,
    CONSTRAINT [PK_dbo.WorkingHistory] PRIMARY KEY ([wh_id])
)
CREATE INDEX [IX_result_salary] ON [dbo].[WorkingHistory]([result_salary])
CREATE INDEX [IX_emp_id] ON [dbo].[WorkingHistory]([emp_id])
CREATE TABLE [dbo].[ApplicationLog] (
    [id] [int] NOT NULL IDENTITY,
    [date_added] [datetime] NOT NULL,
    [comment] [ntext] NOT NULL,
    [application_name] [nvarchar](100),
    [last_updated_on] rowversion NOT NULL,
    [extra_data] [xml],
    CONSTRAINT [PK_dbo.ApplicationLog] PRIMARY KEY ([id])
)
ALTER TABLE [dbo].[Employee] ADD CONSTRAINT [FK_dbo.Employee_dbo.AdminRes_manager] FOREIGN KEY ([manager]) REFERENCES [dbo].[AdminRes] ([ad_id])
ALTER TABLE [dbo].[OrderNote] ADD CONSTRAINT [FK_dbo.OrderNote_dbo.Customer_cus_id] FOREIGN KEY ([cus_id]) REFERENCES [dbo].[Customer] ([cus_id])
ALTER TABLE [dbo].[OrderNote] ADD CONSTRAINT [FK_dbo.OrderNote_dbo.Employee_emp_id] FOREIGN KEY ([emp_id]) REFERENCES [dbo].[Employee] ([emp_id])
ALTER TABLE [dbo].[OrderTemp] ADD CONSTRAINT [FK_dbo.OrderTemp_dbo.Customer_cus_id] FOREIGN KEY ([cus_id]) REFERENCES [dbo].[Customer] ([cus_id])
ALTER TABLE [dbo].[OrderTemp] ADD CONSTRAINT [FK_dbo.OrderTemp_dbo.Employee_emp_id] FOREIGN KEY ([emp_id]) REFERENCES [dbo].[Employee] ([emp_id])
ALTER TABLE [dbo].[OrderTemp] ADD CONSTRAINT [FK_dbo.OrderTemp_dbo.Table_table_owned] FOREIGN KEY ([table_owned]) REFERENCES [dbo].[Table] ([table_id])
ALTER TABLE [dbo].[OrderDetailsTemp] ADD CONSTRAINT [FK_dbo.OrderDetailsTemp_dbo.Chair_chair_id] FOREIGN KEY ([chair_id]) REFERENCES [dbo].[Chair] ([chair_id])
ALTER TABLE [dbo].[OrderDetailsTemp] ADD CONSTRAINT [FK_dbo.OrderDetailsTemp_dbo.OrderTemp_ordertemp_id] FOREIGN KEY ([ordertemp_id]) REFERENCES [dbo].[OrderTemp] ([ordertemp_id])
ALTER TABLE [dbo].[OrderDetailsTemp] ADD CONSTRAINT [FK_dbo.OrderDetailsTemp_dbo.Product_product_id] FOREIGN KEY ([product_id]) REFERENCES [dbo].[Product] ([product_id])
ALTER TABLE [dbo].[Chair] ADD CONSTRAINT [FK_dbo.Chair_dbo.Table_table_owned] FOREIGN KEY ([table_owned]) REFERENCES [dbo].[Table] ([table_id])
ALTER TABLE [dbo].[OrderNoteDetails] ADD CONSTRAINT [FK_dbo.OrderNoteDetails_dbo.OrderNote_ordernote_id] FOREIGN KEY ([ordernote_id]) REFERENCES [dbo].[OrderNote] ([ordernote_id])
ALTER TABLE [dbo].[OrderNoteDetails] ADD CONSTRAINT [FK_dbo.OrderNoteDetails_dbo.Product_product_id] FOREIGN KEY ([product_id]) REFERENCES [dbo].[Product] ([product_id])
ALTER TABLE [dbo].[ProductDetails] ADD CONSTRAINT [FK_dbo.ProductDetails_dbo.Ingredient_igd_id] FOREIGN KEY ([igd_id]) REFERENCES [dbo].[Ingredient] ([igd_id])
ALTER TABLE [dbo].[ProductDetails] ADD CONSTRAINT [FK_dbo.ProductDetails_dbo.Product_product_id] FOREIGN KEY ([product_id]) REFERENCES [dbo].[Product] ([product_id])
ALTER TABLE [dbo].[Ingredient] ADD CONSTRAINT [FK_dbo.Ingredient_dbo.WareHouse_warehouse_id] FOREIGN KEY ([warehouse_id]) REFERENCES [dbo].[WareHouse] ([warehouse_id])
ALTER TABLE [dbo].[ReceiptNoteDetails] ADD CONSTRAINT [FK_dbo.ReceiptNoteDetails_dbo.Ingredient_igd_id] FOREIGN KEY ([igd_id]) REFERENCES [dbo].[Ingredient] ([igd_id])
ALTER TABLE [dbo].[ReceiptNoteDetails] ADD CONSTRAINT [FK_dbo.ReceiptNoteDetails_dbo.ReceiptNote_rn_id] FOREIGN KEY ([rn_id]) REFERENCES [dbo].[ReceiptNote] ([rn_id])
ALTER TABLE [dbo].[ReceiptNote] ADD CONSTRAINT [FK_dbo.ReceiptNote_dbo.Employee_emp_id] FOREIGN KEY ([emp_id]) REFERENCES [dbo].[Employee] ([emp_id])
ALTER TABLE [dbo].[SalaryNote] ADD CONSTRAINT [FK_dbo.SalaryNote_dbo.Employee_emp_id] FOREIGN KEY ([emp_id]) REFERENCES [dbo].[Employee] ([emp_id])
ALTER TABLE [dbo].[WorkingHistory] ADD CONSTRAINT [FK_dbo.WorkingHistory_dbo.Employee_emp_id] FOREIGN KEY ([emp_id]) REFERENCES [dbo].[Employee] ([emp_id])
ALTER TABLE [dbo].[WorkingHistory] ADD CONSTRAINT [FK_dbo.WorkingHistory_dbo.SalaryNote_result_salary] FOREIGN KEY ([result_salary]) REFERENCES [dbo].[SalaryNote] ([sn_id])
CREATE TABLE [dbo].[__MigrationHistory] (
    [MigrationId] [nvarchar](150) NOT NULL,
    [ContextKey] [nvarchar](300) NOT NULL,
    [Model] [varbinary](max) NOT NULL,
    [ProductVersion] [nvarchar](32) NOT NULL,
    CONSTRAINT [PK_dbo.__MigrationHistory] PRIMARY KEY ([MigrationId], [ContextKey])
)
INSERT [dbo].[__MigrationHistory]([MigrationId], [ContextKey], [Model], [ProductVersion])
VALUES (N'201711161638549_initial2', N'POS.Context.MigrationConfiguration',  0x1F8B0800000000000400ED3DD96EDC4892EF0BEC3F14EA6977D0A392ED1D60DA9066204BF6B4303A6A5C7277FBA94015532AC23C6A48965BC262BF6C1FF693F6172679E71179324996DC865E5479444646444644664624FFFF7FFFEFE4AF4F5138FB8AD22C48E2D3F9ABA3E3F90CC59BC40FE2C7D3F93E7FF8E39FE77FFDCBBFFFDBC97B3F7A9AFDDCB47B53B4C33DE3EC74BECDF3DDDBC522DB6C51E4654751B049932C79C88F3649B4F0FC64F1FAF8F8C7C5AB570B8441CC31ACD9ECE4E33ECE8308953FF0CFF324DEA05DBEF7C2EBC447615697E39A55097576E34528DB791B743A5FDEAE8E70FB1C3DE5F3D95918781885150A1FE6332F8E93DCCB31826F3F656895A749FCB8DAE1022FBC7BDE21DCEEC10B335423FEB66BAE3B87E3D7C51C165DC706D4669FE5496408F0D59B9A280BB6BB1569E72DD130D9DE63F2E6CFC5AC4BD29DCECFFC28883FE2B9B363BD3D0FD3A25D45D8B25F80B2A3BAFD0F33B2F4875600B09C147F3FCCCEF761BE4FD1698CF679EA85B8FDFE3E0C367F47CF77C917149FC6FB302431C3B8E13AAA00172DD36487D2FCF9237A68F1BDF4E7B305DD73C1766D3B52BDAAE960FE63199ECFAEBDA72B143FE65B2CDD58683F044FC86F0A6A79F8140758E251FBFB0623EDDD875D0141AE559EA4E86F2846A997237FE9E5394A31BF6F921871F832D861A14C63FC9F04C33FD962281F79E965D9F8A3DE8C33D71BEF6BF058328719FF7DB40B936784F0D43FA2B06C916D835DA52E8E9ADA75BB343EA449F43109899E4DDDFACE4B1F11D6377789A0C12AD9A71B06B79345B70CA58BB381A6BD3A9B0E932D4F8C80CDFAACBB1DEA02BDF662EF11A54320F85D33B8D40C79BA371FF45D90E6DB66D40B2C1C7741640E65957B69EE7BCFBD01FD8435C62F58DC1A409771FEE6B5319433DF97C92BF60FB448291FE47DE405A17455688A894216B7E51A954CC6C5285807153ABC1FD92F5088B076310422B454AD09EA6BA71A3324B4538D21D3C5EC36F5517A93E40223DA56AF3B1BD6A1C7D772861468029952258A7728DA49502CAAC52852B5308A741353143FA20D0A76B9988E4403104DA89E43146C648AEACA0BBDF4598C69570F220A547378426D4CD1FC2549BF60FDF05380FDA53410E04A357A06F11534E17016B5EBE5F7B5C2AFEDF8B53D26F3FC4A0C3096C8C6FFA33A1FAA1778BECF9CA0A73443238C52123C2F88D4CFDE557082CE6BB3767BEE3087C2651A6C3A506813441EF62F9629FEAF3E87FA713E5B6DBC02EA7F190F715EAE25942E092FCDF51818F63B6FF3C51D7CA1A66B66A3B0BF5D33C8FE36B59C8300343175113AB5EAC2411023C8E966631FE602E5D89155783255A335A19B017CD94662BF866BD9CB62745CD634184D87C9EC45AD4D4D2D852B253C908D9864033BD6FE6894CDDE45906D927D9C1FD43E4C7BB7A3A96DC5BB1D4E213BDFED0851A46A25BB1D298A663E6E01CFCCC72D7A4CEBE3E6C8EE8C93EA2C174BB52EBAF45149D0DF93CF7A57D0E8F6B7985BD6DF5DD417EBA29A6824D0038495963B17D5E480488C603F17B5764F15CA9D68B526942B8331D80A56F6705353BB74576D32A5F4ADDB40C42DAB2494ADEA21B29A592262B2660689E8788876096C8F4BFCFD26D76C7DBEF58254B32D662CDA6043B5C284CBB47A545BA9498DA98E634F90EC50F71E2D9FC6A007C368E73B1E47DBB152B824C84DCBB17FECBDD8D516A5E4BE9E75A89B4A2C43D902D6BA7C332B9B5629DA216C99126BDEECE9625E2B013DBCDBC612ACEB366A9C9B86BD0C5DCD77DD13A2A2F574C743B0D1D1382072A505B5B758C58037FBE8BE0B10B13BB3D0DDDFB8761675D581D249A4B5467F07B11996710E89626EE19075BDD64A3DAAE65A295B4FB656CAD16DD64ADB71ACB5520EE862AD947C3E8BFA1F142E93ECD7DE103EF78370992D83985FF6C650CA05D91FCC55B2F9E2EEE8B4E414AC8934D637AB73A0B5EFFC8454B91D159F8D8A31D3D63CADDFA0A97BEAF693691FE16652AD7F5EC0A66A920B9DCBF821E975D3A213BC37EC416601768A2B1C969291F788AE82F88B849CF85F07E4B4BCB772EDCC99EC3A940E1DBB3D19F4625D8439DF4479A96E8B77DD4F8635D504C2196CC0610CB77213345601350F1DABFA1D6200996BBBF322C2CD5E807174797E45C4D5B88FC211060F09E3759C1D09D9693815C24ECE83282564EA6F4EAC2D967E39BE95D7D9753DD48535E8DA57784C8F03E54AEAAB928B645F6EC04C93A5E220FF94C9BC755DC7D95A895DC68F78031EA0185608B4D5271B8BFC87AE0DA712840D5DAA304B77478EAB13E545524F5373755D26535BF5EA325559832D4A37EAEA172F45DB649F0DE44FF5DAA1BB5AF3665BF4374EB6E8589B3D24ED49E9BBE7DC4A9D935BF1F1085468E377FBE7F1075EE55EEC7BA93FECF986E30053E39DA7A1F190EF3F012B6391C126439E6B269880AC9D2CAFADFF440A1DF653A1C340FC09C044C30E6FA89EB38260A35E4690A380B62DE47A4E66123FC69A1B7E4BDB59C13F54D379E096DD6287CF4E3047D1B0AAD855908F2327DF89AA635587965EB4D0D99A33A07AC8A640A61AABE740B676A5076D34E041E9BE97AED1C64906B88C5DBCB55146F4D361040386C34BA3CDAD32FD254BCC3EE6DCDAA5B3D2126AA70ED229565A82F0DC347544DB63320D416DAD4D15C5C0FB724761CB498CD9CC1DFE995B63584CAD3C775628A5EEBD952C766F5D680B63D76532695C59D9ABD5EFC25E991E206044979009539C6E9442F0B317EE8773A88B374D8A57A87A9EC77F48D26BBCB6B7FDF60F18CA67E4F50C17BCCC965EE09B1DA4D999718B677058232E7B2A47FB34C3E2191C5225091FC22190533C8543B4EC67B529B0FAA69BEA369DFDDE5A19EEED216BCC8F28C3D4AAF8FB8DE41697AFF7DDB948127E1FFB7670ECF44D8FA7AC58BDA37AF24A175F528FB8D73A0AAC01FD64A575CE763BBCFC4BDCAF9247FDE791A96ED35D33DADC318E980750AC8A33DFEFEE4FAC97DB791245A8DBBDF708EF347D60B3E3B4A31B48F978575E967FDAF905B96FDBCDD2BB202E7570F14EFA3E4D51BC79BE2E2196C35158FC99C1C13AEF12537CB72FAFBE148AF0098B34E6ABE738F456B484CFB22CD90425EA8CE26C5FC8A4F1C59A7AA67A2EB3429C7C6E13E38F176D50301F23713AFF03470709DCD665EAE0B6AF77D2605F7160F1EA4669B1BCBC10B33BC3C40DE29C570541BC09765EA8C080E9072A11E8A9F582FCED186CCD05DAA1B8D0000AB2EA0CDE3EB9CC8FDF0EC3283815814E168488C82507789B42C463D943151D978924567DF191BDCAD381EE5ECFA0211F1F1D391222311E3A9C041FFA32922331897B8D3FAA1CB5EA43CD6CDE41732647FC33A66A0537841CB178E8F0117C5ADE528E5812F71A7F04392233E5445C06D36209355165F9EA4B0D9886D7C1AB93E486921560741D260952618DC40420A4F6D075FAF674CA864FEC966A05C9A30F8CD2A11EC831D43D925C728580BAD43C422CB4AC88F0111C43FD23A4784F2CA610B0CE1A69B31F78A7632041035EB7D2B0A343091C878D0EBBE5EF3AF5103C8E0B0EB0194B00C12C20A954C8538218A12063E90CA54FFE003030CE90C22743469BDBC2743C43D99371C0013213885E930AA12B105C66C42062C7A59B76A3B4B91BA3881C83880E8F85F99CBDC48DA17B6F444610356900A14812F4A2093B71002287F5C54E2F4ABB1B8C0C801C44FC7410D2613D18626C247F3A7CE885C9B802A83EB790C7A5810267296A139F5EC83019E7FC4246EA433FC190470BEA2B1A30C07830B506062A6AC9F4608A0D404987F7822C8B3E8A0D60451F4C461042301650240DF2941E1DE326933579D861079D88591C44C06478E87053129F6A245E326A3BC06304E112E6E78944409DE9CD79EFE63A4D9D1138A29BA642661C174D45F74377CFE09C7C3D01906C431D89D8645B50291AE36D40A5F47E09DB4FE19362DA27AFAAB30E5727BCD39E76483019F9B84342FB172370C4C39B52FE431F8570763D3ED565A700031DE6B9B8F01410567BF8C92F3D6FA84F6F290F4BD5913AA6A71400E8E92275403C7498E92852072471AFF1479523BD481DE579574F393A80489D094FBAC4243EF4732E28FF47C46D693250C76E32425E5F94A41FDC56CB9223419260318E2449687CE8A2244AED10715C99E7419C2A313955FA62A5FC2EFA986A4A81CC3812A620FB0B933242D9688A00949B3380A44189873A3A723069E311D261359441DD47DC78EA6B9DC153197C23C85D95B251A7FAA3B4C930C892DF505880CAD113F48EE3A70CD57956599D0AC24A4B017685F23665A14C34C8E6B32E4784CDB3E0048E06D1AC5F0846A7D114405AFF05824278860A308D130D41E936133AB8D42FC8C3B8541B661D30F47BF43034EA744735C1FAE320FCECAA605045F772F70975AFF7EB8AEEF5C10704A03D3FD26574FB528A98DDCDC9AA1E566280CC41AD021CF53E06078B3CF25700829E85E1E001F7AFFA60150095A0DA8B2308107191A600D3A954080E696954F87049F83C568C795440A4D34B4135C7E4AD320009F5CCABBC364F6E463463541F9C4B47196E61365D3B1B4ACB72D647237F8E80D4A97C36E1959EAB061D80AC2F8012AADC30C1D92277E644CC8154D1127248F2C1086084D1704891CEF4C92802EF510493E036287D28C26D447484CD8222D437AB785208137528B4A1541D9283B555944C1C4ACE21203486D18D00001F0B14088122FB447E9D43E79FB0C240BB1E2A9910679C28E9EC824A845BA54129411A857C567C22853B8AF1A9135A4BD396726044BF8870EAF07FF844559800C04E8D727054549386FC439087205AEBACAA4906DEE54AA7C55EE6BA22177B794BC0EDFCF2DEA4923FC6CAD34B3FF69A9A9C56F4353143C89796D04E2BDE9A004FF9FC2E69287503D461C3A249495D017A83A047A5D1DC01C523983A02268C835588001409EB52C4A0D8574DB65810127EA691A79F3A84939A963488536FC5A8E101D421B7A2BD69238C2C04E8A3178548CD491987C8AB661D8952461E0EA6B0E0003925B1D4B6511E4BE7824CE358456188978EB7AAE942C802C2DC79AA23D28BFC34B06C0FACDAFC89C298FAEC7E47DA08D27136327753FB6C048EC7D1F29C55C0C6381B513A45AAB812C124946723261419CB1902DF3EE549A20C91D00E9220E6411DDA4AA8220B8B18882CC2271A79D2685DF91B5DFA933E09771C2DA193EA9E7F1C5A9187ED4A6A89AEAE0D2FAF1D510CB8AFD6135709D59AA7EFDA7BD4B6EE64B1DA6C51E4D505278BE24540B4CBF75E583C0818664DC5B5B7DB612CB3AE675D325BEDBC4D71B2F8C7D57CF6148571763ADFE6F9EEED629195A0B3A328D8A449963CE4479B245A787EB2787D7CFCE3E2D5AB4554C1586C3292F4ECAD6F3B122690F78898DAE265411F7D08D22C2F5E0DBCF78A0DC0B91F71CD985B63C18D4933187331CCF3AFB940693A14FFD77EE4EDEAA81EE54870EDD1D1EF039E52F11265393BC45F50F03D71DFE2896E2F655F962C534BCE93701FC55589E7AF03206A400CE25386D2B87C959204B36F4BF5212DBD2CA3A1ECCA127D08371C1E221C4E160C2DB9B8048E5BCCCA61B9AF251B9DFEB2150E919ED6900E7157113DEB602192A0850B682620EDF38A249848F4E6A218CECB1434118477415A3C574F82B8AF8AF461942F4997DFA621C1646DA93EA4E209FE5F304368485B5CBAFEAD2CD60775E6FB29AB527C2346BF8FCACB7C5AEA80FB7D298BB7E5E3E2148FB7C07BE3723C7685B9E5E53F4DF8880F19A0F6038E2420BF293C18E54438FBB6DA49784DA2A19E247D4584A5DEEA21899B341586BAAA4E0B20416DF6992110275AB37A01AB3A02E066964331476A6801ABB492AE581F56F921ABFA337B24B0BC285FEFAA0A239297FBE425ABC736CDE67A67A6CB30A077DEE60BABE09FD7F765E9C12CB7EE80C076B5890E3E34169BB8EBA04BA3BFDD74A3D8FB1B988B20DB54DF72A3947A5BFA6D5A87EAA0B0977580820F74AD03DC57AEF410AF8D93A6E2C55A07321792D2C1E5E16C022749AA28F5DD3C1C9279E06F2B7A2D3B3254DA72F549418CB6088914728A83F5ED8CE18A6E1EB9A524AB0CE23203B4C2FA7A831536DE92E5CCDE92A9323096E55924652C8150601984EA93CA24847F96250723E475589CB50304C5FDE9783F70BFC1A5A40474B38FEED9E3900A585CD70C6E0726E2767D4368CB6DF0B65383DB827E529AB2DCAE086A61A4216E57C0CCB95D8A4FF309615E7CBCC8D4F55C26D9AF8C1A4DB2F5AF86203EF3203E9B80B8CC9641CC897090AD9B621350A5BD0160B5E526C0AE92CD170056537C300BAB8D3FB05D5A82400B8DC525EC398AFDEEBF9FBC8C1F1286C165898943C2F9BAC65E6EC11546479425C3ED2285F488BC477415C48C834C14F7DD235F48F6C8539F7C365154BDCF3FEB8CB41EA7A02208A39D853A5DA807EF893261743D15A935FB15FD85BCF2CB0E1CAFAAE229195FBF5E4829D847D33B667DE9115E1EC641FE2963EF0E71E11A48D3ACC468123124A3536D65501C89AB2180B2CE83F2987A559504F55B53F1027D032C720F09E3FDEFEB32A335C43B0805854D9D846215BCDB3F03ABE07E6F7488B6CABDD8F7521FF07DB2BACAFCA8EF851C8403D90EB62B954F61375FB01A304404AF9EC726A99DC62F53BD5FE628026431C0C5E672A87FEE36BD043A91BD7E5237AABC39B93DB98CB9A09920368C9829AF39A0B398EA9E437C163391CC105942B612234C82D2901749DFD11C823AAE93393A6B0A0F865364BCAE2DABC4F1C91ABC9275163A04DCD2CE2659DAC5C7DDB9ABC2E24BE6A6D78415117EF6C23DEBDF9415EBAF558D817F9BA45F8A303B469671E97A5B16EB83FA90A4D798D14CF820762AD751556C04EA33F2521ED273596A7488EB05FC51E9CE83F937951664A3ECAD7521FD988E85425400108AD19653875BC33542BFC84699E3B2669D091E6B138374B276CB70D63B2E0A21EB8A0D108A7D1E126A0A0F461ED947966CC591798AC95C1C550084CB9E5DF2C6DAFACCF7B93D5FA1AFBDAADCC4BC47C5D458F35E171A043077A4E08F10BCAE726D7A9C70E565F9A75D3139FF96F142425CB5DE5775EBC468EBF3FE294FBD228B8591F5A278ED97E5238B3B973AC4366947AF4BDADF6DEA509DB643E513950428B283CA8967750A119BC7533599CF3095BE067E91C3B37ACEF036F0A86870B4FA67781E56F9EC4D836B2F0E1E5096DF255F507C3A7F7DFCEAF57C7616065E56A57ED5194A6FD90723B552965EBD295296901F2DD8EEE6894F05942CF3A9FD3DA120DAF0FBFA5D35EE814BBCEB414FA7F3FF9EFD0F93C7F477F4CCB2BF91B1EE194F302FE864C1F63D61A4B3EE56BD1AF7D54B37DBC2ADB8F69EAE50FC986F4FE7AF8EE7B39B7D181657E2D8F3F042E0D53C066697F22106FB2773B0550E885390BDB124D7A194ED5DA6A763BEC3665CCDF8A69F53CEB759430C54F19C8B7E6F6797BFAEEBAE3FCCCA7BB2B7B3634C8EDFA51CC68E60D6D94A15D0C2701943E812957A002172942A2841A1DC0D8154194A12FA601D4C022D9F0756C0AC23CA65F26F0CB38E7417C37C6D816693CF644FBEF68C5E1784B65A23DE6873ACD764B7E26AED46F776AAE39A8872731557F5D4D470BAB261874AD5D3212A64DA93BDA01201ED9DCAA97E1B42A2A2D92B58115E9BCF36EC26C2D8FB40EA62D8F5A1682FC4EE2516C7EB104EA050AF40C132E9B7F686B09383E86CF7A6A5CB5C3A583B503D723A841D10A42168DA819CD693E5B4CBF395BF21BCF92DB6F44B2FCFB1BD288E4B5039B5EF56C1092A54983B417D0D5C88AE34423676E9BB45B15CD2D4071C465CD9600759801B64B9840920D0B758E44940400F28E6A08742D25812645FD19AD0931B8290E65AA2EBED72B3DE71CB8C284DBF5E0461B8EFD6C1A80445765E600EB38ABF716EC6EB17DD5DBB908285A8E1444242E1DC7453B95DF6DED5D8C64E9BABF543958EB92ACAB85273B5EB392057E91C2E7BAED2A95BF670EAC4AD7E003EF70140246CF502D2666AF582D2E46839D761CBE6FD5AC7F22EF63ED4122F31B887B721AE62A825306D0E46FBBBCD552CF5889B5F1E0491644593E73F22EFE93F4D697261BCA3373F966D3EBC35E2E1ACF3C5233DCBD5759BEBFE2E3DD643F4A207F20B97F467E65C6B56611694866625FA3AD5AC87C8DD2672DF1C9FAAE75092F610269EB936EDB2BBF46D4D1F212632A75C4B309C52A1965E0143FB71860EBF369715B2BF4B8951FA2A6A5E5B382B6FCC9D952601AC829A07F1B3958FDBE67F399E72970FE618309B19D6C75B1BEEAA01F8ACA8E3D52C487A71B8EEEB11CCD766D9F1F76052AC561C914DD647760D0FEC7A9CCC501F881A438A6D45B31F630FE846AACE23EB11D044E78F0D70F1427CF3CAB148C812B3D49221F52B7A1EFE37495E027FB2C712233F1BE1989C6006959A8ED9CB5D617AA6BFCDE612DFB8EA2C553A91AB8F422792B8FA6C5888042E7B23D5E56EF53A3EADF2B64C3C547DFDC37C87DCB51282D2A134B4CFD6FDAA61D2A92CDC3112C0B719C2416477F50CA068B3BB8CE0688B2DFBB57BD75B7C9BEDFDB0575C641A564FDEB46958F596B2FC9A8E719436977BE5F612814BC26AD45F84B09416112A020A9F27D16E5FEE464D459648D2AA067B8A423BC784F890530DBCFD8E16F85520E26B526DCA508542F9BDABB6EC1A2BA0A0A03B1E1353959B5107A64B4121E0748534A03F7080F052406921A95EF1B9A50C1326E0D3D29669106F829D1732A833EDC01526F8B2D1C9A205CAD65CA01D562A45BA2433439DE1845FB83959B47099F5AE2201F5B92E39F3BBEF35C22FFD137CEB427B09BE758534DF8E8F8E643240C46912C088D241A440F21D04DD8063233990BD636F32E0A872000BAFEDFA3D4839305A9FC2C0C0A1E4403CE0087250465E41DF8B25987647A657940CAB4B8C585FC77891BAA42A1984E5A237A1F5E3898C382E7A705C349CE005EEF1963EF90163007973BE29573D15D2CB2E7EAA72185BA0CD2149FCAEA10A907F5BC16CE4290443A0C7ECF5F9A10B8999E25604920F2C2CAAD1C71298EE426C2DF8521BF441689EBB55A9A1BC90B77110C0A66E386911BCA5651CBB64282DD2A721CD079F405896D003F1047FDB784A82AF6DD94B121370A2023E49534D861511F9D023080877C1BE16BD394CB0970CAE21384B16EBCB0A70C54FC0046A079117E933CDBAB10046E2A2F3DCACC9C0E30ACBB83B58EAEA1C968E6F64172B7F08F6C0F6B1BCF210A2DF8F9987AF3F4CF9260A3B1A5A7F08C71D415C3A1DBB16BC404BB095088C20D84994EA4B88B1B9722413B2277ACDE2358C04C3D094A9C61D4130A888F3D11D1026DE9DF77CBF31C763A9F82ACA81391DB4708CB48199562626D8BC980BC5E45B17EEE46CCCCDEDC46766536D6F4DCFCB0E43484AE918E3BA659A9BB691AF5DCCCE6B0FE4EAA5DCB38E7FFBAE7FEAFA926FDFB5773DD3DFBE8F7F76318D1C4C72FBFE324E2DBA2071C78220930232329D0045167F137220FDD6C98109021DFB3CAE5660E3AEC9330EA6EA9B900BE5273A0E5B364462DD67851FB88418AE64C11786861511C52752069094F7F4C7149A802EF6C3079C94D4DF6768C2D79B80DE2E7C980DF5AD3E9D703AF7EF8B94E72A00B9AEE49EACE3E0774A891BA0AB8246E86A152310FE0B370451078D41542B06E93C6F6E8CAE0A1AA2ABD59946B53583A751D509A75155EB0C429D09C063514D844352AD5404AC82C678EA55E520E9AA2A05E07A73CC01AECB21C0759502707B1EC3816E6B20E06DA5AED836E77762E16D5A4845B8F9E6A8E6B484A332F59229EA8E489E8573C39195D05864BD621CE0828D1B0E68038D0A7CCBD56074F9B8CA11954311574FDC40441D340C51AD1884F416B851C84A6818B25E3519C683E067C43400A7C5B4518CC9E66CF1B68F69009A40A60D332661B5796BD8E6DECC88668C5984F37328C78C31DED517BB9A32CE0581B60F4447A1C15DD053D198269065024C54958B22380F2350161957D14928D1556C33FB4CB7A3A16CBAA21D8F2D87469E2E993300CC539852009D7213288256999601D287A8040074112C39C8C7C48BB8A8889EB7415A71AFC3B252E67A39983E212E1A24101EC3DB8BE5F4E400E39A45D45007418B0E62D999403613EE4BFB383484A6CE39295AEF564D08C1C520740B4A4C41E03E4F4802695C2A4007FD38566A52BC975CCE47ECFF52BD85BE2FFB55F621C822357BEA484D47860F70C0B94FD20F210D147C1D719004E8F59BCEC4120106D501145107DFD1A78FEC6E87F970BC8C08C68BCA62DAC2903160EA7AE1650EF502B8DB2715AD33EEC3C1514A1A0C6725C69BBA30FC47C7791AD84C8EED3611012ED23DD010FB8391767A740087CC131A6163ABEF45F69AAE72633BBC7D1F7EBAD0753C305FE5ADBDA309F32770655FC9D99AF9944517CFC0B4B5EEA81D4D1D3E14AC0CBFFCA8AF370948F22A8920BE99ECC3C7C149C17D89BDAD3B5954479D7501FEC97D71FD64F1711F178F1F55BF2E50163C76204E30CC186DA8CBCAB6CD65FC903457A70C464D13E625A46B6CA18A7790CED23C78F03639AEDEA02CC3B39ECF7E2E5EE82B04EA1EF997F1ED3EDFED733C6514DD8714318ABB57D9F8270B0EE793DB5DF12B7331058C6650BC1D751BBFDB07A1DFE2FD0178744C00A2B8D4AD9F972A789917CF4C3D3EB7906ECA2F49EA00AAC9D7DE45176631C4C0B2DB78E57D4536B87DCAD0157AF436CFB8FC6BE017364B0444CD089AEC271781F7987A5156C3E8FAE39F5886FDE8E92FFF02488C259028620100 , N'6.2.0-61023')








-- auto execute trigger
--create trigger salaryvalue_update
--on WorkingHistory
--for insert
--as
--begin
--	declare @starthour int
--	declare @startminute int
--	declare @endhour int
--	declare @endminute int
--	declare @foremp varchar(10)
--	declare @formonth int
--	declare @foryear int
--	declare @workhour float
--	select @starthour = starthour from inserted
--	select @startminute = startminute from inserted
--	select @endhour = endhour from inserted
--	select @endminute = endminute from inserted
--	select @foremp = emp_id from inserted
--	select @formonth = month(workday) from inserted
--	select @foryear = year(workday) from inserted
--	select @workhour = cast((cast(@endhour as float) - cast(@starthour as float)) + ((cast(@endminute as float) - cast(@startminute as float))/cast(60.0 as float)) as float)

--	update SalaryNote
--	set work_hour += @workhour
--	where emp_id = @foremp and for_month = @formonth and for_year = @foryear

--	update SalaryNote
--	set salary_value = work_hour * (select hour_wage from Employee E where E.emp_id = @foremp)
--	where emp_id = @foremp and for_month = @formonth and for_year = @foryear
--end
--go
-- end auto execute trigger


insert into AdminRes values
('AD00000001', 'admin_username1', 'password2', N'Ton That Vinh'),
('AD00000002', 'admin_username2', 'password3', N'Luu Duc Trung')
go


insert into Employee values
('EMP0000001',	'AD00000001', 'emp_username1', 	'password1',	N'Phạm Thanh Bình', 	'1996-01-01',	'2017-10-01',	10,		N'KTX trường Tôn Đức Thắng',						'example_email1@gmail.com',		'0969876940',	1, 0),
('EMP0000002',	'AD00000001', 'emp_username2', 	'password2',	N'Nguyễn Khánh Duy', 	'1996-01-01',	'2017-10-01',	12,		N'KTX trường Tôn Đức Thắng',						'example_email2@gmail.com',		'0964753827',	1, 0),
('EMP0000003',	'AD00000001', 'emp_username3', 	'password3',	N'Lý Đông Nghi', 		'1996-01-01',	'2017-10-01',	11,		N'19 Nguyễn Hữu Thọ, Tân Phong, Quận 7',			'example_email3@gmail.com',		'01677048100',	1, 0),
('EMP0000004',	'AD00000001', 'emp_username4', 	'password4',	N'Bảo Nguyên', 			'1996-01-01',	'2017-10-01',	12,		N'1017/34 Lê Văn Lương, Phước Kiển, Nhà Bè',		'example_email4@gmail.com',		'0965164474',	2, 0),
('EMP0000005',	'AD00000001', 'emp_username5', 	'password5',	N'Lương Nhật Duy', 		'1996-01-01',	'2017-10-01',	11,		N'10/7 Lý Phục Mang, Quận 7',						'example_email5@gmail.com',		'01215925627',	2, 0),
('EMP0000006',	'AD00000001', 'emp_username6', 	'password6',	N'Đinh Thanh Hưng', 	'1996-01-01',	'2017-10-01',	10,		N'1558A phường 7, Quận 8',							'example_email6@gmail.com',		'01207305775',	2, 0)
go


insert into Customer values
('CUS0000001', N'Guest',				'',		'',		0, 0),
('CUS0000002', N'Lưu Đức Trung',		'',		'',		20, 0),
('CUS0000003', N'Phạm Thanh Bình',		'',		'',		20, 0),
('CUS0000004', N'Nguyễn Khánh Duy',		'',		'',		20, 0),
('CUS0000005', N'Lý Đông Nghi',			'',		'',		20, 0),
('CUS0000006', N'Bảo Nguyên',			'',		'',		20, 0),
('CUS0000007', N'Lương Nhật Duy',		'',		'',		20, 0),
('CUS0000008', N'Đinh Thanh Hưng',		'',		'',		20, 0),
('CUS0000009', N'Ngọc Phấn',			'',		'',		20, 0),
('CUS0000010', N'Hữu Phát',				'',		'',		20, 0),
('CUS0000011', N'Phan Việt Nhân',		'',		'',		20, 0),
('CUS0000012', N'Nguyễn Thị Diễm My',	'',		'',		20, 0),
('CUS0000013', N'Phan Thanh Hằng',		'',		'',		20, 0),
('CUS0000014', N'Đặng Anh Thư',			'',		'',		20, 0),
('CUS0000015', N'Hà Nguyễn Nhật Minh',	'',		'',		20, 0),
('CUS0000016', N'Phan Hữu Tiến',		'',		'',		20, 0),
('CUS0000017', N'Ngô Thanh Hiếu',		'',		'',		20, 0)
go


insert into WareHouse values
('WAH0000001',	0),
('WAH0000002',	0),
('WAH0000003',	0),
('WAH0000004',	0),
('WAH0000005',	0),
('WAH0000006',	0),
('WAH0000007',	0),
('WAH0000008',	0),
('WAH0000009',	0),
('WAH0000010',	0),
('WAH0000011',	0),
('WAH0000012',	0),
('WAH0000013',	0),
('WAH0000014',	0),
('WAH0000015',	0),
('WAH0000016',	0),
('WAH0000017',	0),
('WAH0000018',	0),
('WAH0000019',	0),
('WAH0000020',	0),
('WAH0000021',	0),
('WAH0000022',	0),
('WAH0000023',	0),
('WAH0000024',	0),
('WAH0000025',	0),
('WAH0000026',	0),
('WAH0000027',	0),
('WAH0000028',	0),
('WAH0000029',	0),
('WAH0000030',	0),
('WAH0000031',	0),
('WAH0000032',	0),
('WAH0000033',	0),
('WAH0000034',	0),
('WAH0000035',	0),
('WAH0000036',	0),
('WAH0000037',	0),
('WAH0000038',	0),
('WAH0000039',	0),
('WAH0000040',	0),
('WAH0000041',	0),
('WAH0000042',	0),
('WAH0000043',	0),
('WAH0000044',	0),
('WAH0000045',	0),
('WAH0000046',	0),
('WAH0000047',	0)
go

insert into Ingredient values
('IGD0000001',	'WAH0000001',	N'pepsi', 					N'',		0,	N'khô',			N'thùng',	130,0),
('IGD0000002',	'WAH0000002',	N'aquafina', 				N'',		0,	N'khô',			N'thùng',	90,	0),
('IGD0000003',	'WAH0000003',	N'7up', 					N'',		0,	N'khô',			N'thùng',	150,0),
('IGD0000004',	'WAH0000004',	N'water bottle (big)', 		N'',		0,	N'khô',			N'bình',	90,	0),
('IGD0000005',	'WAH0000005',	N'Coffee Bean', 			N'',		0,	N'khô',			N'kí',		0,	0),
('IGD0000006',	'WAH0000006',	N'Trung Nguyen coffee S', 	N'',		0,	N'khô',			N'bịch',	45,	0),
('IGD0000007',	'WAH0000007',	N'Dalat milk', 				N'',		0,	N'sữa',			N'hộp',		0,	0),
('IGD0000008',	'WAH0000008',	N'Dutch Lady milk', 		N'',		0,	N'sữa',			N'hộp',		0,	0),
('IGD0000009',	'WAH0000009',	N'Condense milk', 			N'',		0,	N'sữa',			N'hộp',		0,	0),
('IGD0000010',	'WAH0000010',	N'Soda', 					N'',		0,	N'khô',			N'thùng',	0,	0),
('IGD0000011',	'WAH0000011',	N'Whipping cream', 			N'',		0,	N'sữa',			N'hộp',		0,	0),
('IGD0000012',	'WAH0000012',	N'Cream cheese', 			N'',		0,	N'sữa',			N'hộp',		0,	0),
('IGD0000013',	'WAH0000013',	N'Milk Tea Powder', 		N'',		0,	N'khô',			N'hộp',		0,	0),
('IGD0000014',	'WAH0000014',	N'Matcha Tea Powder', 		N'',		0,	N'khô',			N'hộp',		0,	0),
('IGD0000015',	'WAH0000015',	N'Durian coffee Powder', 	N'',		0,	N'khô',			N'hộp',		0,	0),
('IGD0000016',	'WAH0000016',	N'Peach Tea Bag(cozy)', 	N'',		0,	N'khô',			N'hộp',		0,	0),
('IGD0000017',	'WAH0000017',	N'Strawberry Tea Bag(cozy)',N'',		0,	N'khô',			N'hộp',		0,	0),
('IGD0000018',	'WAH0000018',	N'Apple Tea bag(cozy)', 	N'',		0,	N'khô',			N'hộp',		0,	0),
('IGD0000019',	'WAH0000019',	N'Lemon Tea bag(cozy)', 	N'',		0,	N'khô',			N'hộp',		0,	0),
('IGD0000020',	'WAH0000020',	N'Cacao Powder', 			N'',		0,	N'khô',			N'bịch',	0,	0),
('IGD0000021',	'WAH0000021',	N'sugar (bar)', 			N'',		0,	N'khô',			N'kí',		0,	0),
('IGD0000022',	'WAH0000022',	N'Icing sugar', 			N'',		0,	N'khô',			N'kí',		0,	0),
('IGD0000023',	'WAH0000023',	N'Peach Can', 				N'',		0,	N'khô',			N'lon',		0,	0),
('IGD0000024',	'WAH0000024',	N'Mandarin orange Can', 	N'',		0,	N'khô',			N'lon',		0,	0),
('IGD0000028',	'WAH0000028',	N'Mint leaf', 				N'',		0,	N'rau củ',		N'kí',		0,	0),
('IGD0000029',	'WAH0000029',	N'Blue curacao syrup', 		N'',		0,	N'khô',			N'chai',	0,	0),
('IGD0000030',	'WAH0000030',	N'Peach syrup', 			N'',		0,	N'khô',			N'chai',	0,	0),
('IGD0000031',	'WAH0000031',	N'Ginger honey sauce', 		N'',		0,	N'khô',			N'bình',	0,	0),
('IGD0000032',	'WAH0000032',	N'Ketchup (bar)', 			N'',		0,	N'khô',			N'chai',	0,	0),
('IGD0000033',	'WAH0000033',	N'Chilli sauce (bar)',		N'',		0,	N'khô',			N'chai',	0,	0),
('IGD0000027',	'WAH0000027',	N'Lemon', 					N'',		2,	N'rau củ',		N'trái',	0,	0),
('IGD0000025',	'WAH0000025',	N'Yellow orange', 			N'',		2,	N'rau củ',		N'trái',	0,	0),
('IGD0000026',	'WAH0000026',	N'Green orange', 			N'',		2,	N'rau củ',		N'trái',	0,	0),
('IGD0000034',	'WAH0000034',	N'ice', 					N'',		3,	N'khô',			N'bịch',	0,	0),
('IGD0000035',	'WAH0000035',	N'Plastic cup', 			N'',		3,	N'vật dụng',	N'lóc',		0,	0),
('IGD0000036',	'WAH0000036',	N'Plastic cover', 			N'',		3,	N'vật dụng',	N'lóc',		0,	0),
('IGD0000037',	'WAH0000037',	N'Paper cup', 				N'',		3,	N'vật dụng',	N'lóc',		0,	0),
('IGD0000038',	'WAH0000038',	N'Black cover', 			N'',		3,	N'vật dụng',	N'lóc',		0,	0),
('IGD0000039',	'WAH0000039',	N'Straw', 					N'',		3,	N'vật dụng',	N'lóc',		0,	0),
('IGD0000040',	'WAH0000040',	N'Toilet paper', 			N'',		3,	N'vật dụng',	N'cuộn',	0,	0),
('IGD0000041',	'WAH0000041',	N'Napkin', 					N'',		3,	N'vật dụng',	N'lóc',		0,	0),
('IGD0000042',	'WAH0000042',	N'Aroma', 					N'',		3,	N'vật dụng',	N'bình',	0,	0),
('IGD0000043',	'WAH0000043',	N'Trash bag', 				N'',		3,	N'vật dụng',	N'cuộn',	0,	0),
('IGD0000044',	'WAH0000044',	N'Print paper', 			N'',		3,	N'vật dụng',	N'cuộn',	0,	0),
('IGD0000045',	'WAH0000045',	N'Bag T', 					N'',		3,	N'vật dụng',	N'lóc',		0,	0),
('IGD0000046',	'WAH0000046',	N'Chocalate bar',			N'',		0,	N'khô',			N'kí',		0,	0),
('IGD0000047',	'WAH0000047',	N'Other purchase',			N'',		3,	N'chi phí',		N'lần',		0,	0)
go


insert into Product
	([product_id], [name], [info], [price], [type], [deleted], [Discount])
values		-- đồ uống
('P000000030',	N'pepsi',					N'',		25,		0, 0, 0),
('P000000031',	N'7up',						N'',		25,		0, 0, 0),
('P000000032',	N'water',					N'',		25,		0, 0, 0),
('P000000033',	N'black coffee',			N'',		30,		0, 0, 0),
('P000000034',	N'coffee milk',				N'',		35,		0, 0, 0),
('P000000035',	N'cream coffee',			N'',		40,		0, 0, 0),
('P000000036',	N'americano',				N'',		40,		0, 0, 0),
('P000000037',	N'durian coffee',			N'',		50,		0, 0, 0),
('P000000038',	N'coffee latte',			N'',		50,		0, 0, 0),
('P000000039',	N'cappucino',				N'',		50,		0, 0, 0),
('P000000040',	N'orange coffee',			N'',		50,		0, 0, 0),
('P000000041',	N'tiramisu coffee',			N'',		50,		0, 0, 0),
('P000000042',	N'chocolate coffee',		N'',		60,		0, 0, 0),
('P000000043',	N'caramel cofffee',			N'',		60,		0, 0, 0),
('P000000044',	N'strawberry tea',			N'',		30,		0, 0, 0),
('P000000045',	N'lemon tea',				N'',		30,		0, 0, 0),
('P000000046',	N'apple tea',				N'',		30,		0, 0, 0),
('P000000047',	N'milk tea',				N'',		40,		0, 0, 0),
('P000000048',	N'peach tea',				N'',		50,		0, 0, 0),
('P000000049',	N'matcha latte',			N'',		50,		0, 0, 0),
('P000000050',	N'ginger honey latte',		N'',		50,		0, 0, 0),
('P000000051',	N'hot choco',				N'',		60,		0, 0, 0),
('P000000052',	N'ice choco',				N'',		60,		0, 0, 0),
('P000000053',	N'orange juice (trái nhỏ)',	N'',		40,		0, 0, 0),
('P000000054',	N'orange ade',				N'',		40,		0, 0, 0),
('P000000055',	N'lemonade',				N'',		40,		0, 0, 0),
('P000000056',	N'orange juice (trái lớn)',	N'',		40,		0, 0, 0),
('P000000057',	N'orange juice (trái vừa)',	N'',		40,		0, 0, 0)
go

insert into Product 
	([product_id], [name], [info], [price], [type], [deleted], [Discount])
values		-- thức ăn
('P000000001',	N'plain yogurt',			N'',		25,		1, 0, 0),
('P000000002',	N'choco fondue',			N'',		70,		1, 0, 0),
('P000000003',	N'choco cloud',				N'',		55,		1, 0, 0),
('P000000004',	N'custard bread tower',		N'',		70,		1, 0, 0),
('P000000005',	N'choco muffin',			N'',		25,		1, 0, 0),
('P000000006',	N'apple muffin',			N'',		25,		1, 0, 0),
('P000000007',	N'greentea muffin',			N'',		25,		1, 0, 0),
('P000000008',	N'banana cake',				N'',		25,		1, 0, 0),
('P000000009',	N'carrot cake',				N'',		25,		1, 0, 0),
('P000000010',	N'french fries',			N'',		35,		1, 0, 0),
('P000000011',	N'french toast',			N'',		45,		1, 0, 0),
('P000000012',	N'tiramisu cake',			N'',		45,		1, 0, 0),
('P000000013',	N'cheese hotdog',			N'',		35,		1, 0, 0),
('P000000014',	N'cereal & milk',			N'',		50,		1, 0, 0),
('P000000015',	N'honey butter bread',		N'',		70,		1, 0, 0),
('P000000016',	N'pumpkin soup',			N'',		35,		1, 0, 0),
('P000000017',	N'chilli fries',			N'',		50,		1, 0, 0),
('P000000018',	N'tortillas nachos',		N'',		50,		1, 0, 0),
('P000000019',	N'chicken melt',			N'',		50,		1, 0, 0),
('P000000020',	N'comma club',				N'',		55,		1, 0, 0),
('P000000021',	N'gourmet berger',			N'',		60,		1, 0, 0),
('P000000022',	N'spaghetti bolognese',		N'',		55,		1, 0, 0),
('P000000023',	N'spaghetti carbonara',		N'',		55,		1, 0, 0),
('P000000024',	N'noodle eggs omelette',	N'',		45,		1, 0, 0),
('P000000025',	N'chicken burrito',			N'',		60,		1, 0, 0),
('P000000026',	N'hawaiian pizza',			N'',		60,		1, 0, 0),
('P000000027',	N'comma pizza',				N'',		60,		1, 0, 0),
('P000000028',	N'chicken cajun salad',		N'',		55,		1, 0, 0),
('P000000029',	N'bibimbob',				N'',		60,		1, 0, 0)	
go

insert into ProductDetails values
('PD00000001','P000000031',	'IGD0000002',	1,		N'chai'			),
('PD00000002','P000000032',	'IGD0000003',	1,		N'chai'			),
('PD00000003','P000000033',	'IGD0000006',	50,		N'ml'			),
('PD00000004','P000000033',	'IGD0000021',	1,		N'lần syrup'	),
('PD00000005','P000000034',	'IGD0000006',	40,		N'ml'			),
('PD00000006','P000000034',	'IGD0000009',	20,		N'ml'			),
('PD00000007','P000000035',	'IGD0000006',	40,		N'ml'			),
('PD00000008','P000000035',	'IGD0000007',	1,		N'milkF'		),
('PD00000009','P000000035',	'IGD0000021',	2,		N'lần syrup'	),
('PD00000010','P000000035',	'IGD0000022',	10,		N'gram'			),
('PD00000011','P000000036',	'IGD0000005',	1,		N'shot'			),
('PD00000012','P000000036',	'IGD0000021',	1,		N'lần syrup'	),
('PD00000013','P000000037',	'IGD0000007',	1,		N'Milk(1Cup)'	),
('PD00000014','P000000037',	'IGD0000009',	10,		N'ml'			),
('PD00000015','P000000037',	'IGD0000015',	1,		N'gói'			),
('PD00000016','P000000038',	'IGD0000005',	1,		N'shot'			),
('PD00000017','P000000038',	'IGD0000007',	1,		N'Milk(1Cup)'	),
('PD00000018','P000000038',	'IGD0000021',	2,		N'lần dường'	),
('PD00000019','P000000039',	'IGD0000005',	1,		N'shot'		),
('PD00000020','P000000039',	'IGD0000007',	1,		N'Milk(1Cup)'	),
('PD00000021','P000000039',	'IGD0000021',	2,		N'lần syrup'	),
('PD00000022','P000000042',	'IGD0000005',	2,		N'shot'			),
('PD00000023','P000000042',	'IGD0000007',	1,		N'Milk(1Cup)'	),
('PD00000024','P000000042',	'IGD0000021',	3,		N'lần syrup'	),
('PD00000028','P000000042',	'IGD0000007',	1,		N'nl choco'		),
('PD00000029','P000000042',	'IGD0000021',	1,		N'nl choco'		),
('PD00000030','P000000042',	'IGD0000046',	1,		N'nl choco'		),
('PD00000031','P000000043',	'IGD0000005',	1,		N'shot'			),
('PD00000088','P000000043',	'IGD0000007',	1,		N'Milk(1Cup)'	),
('PD00000032','P000000043',	'IGD0000021',	3,		N'lần syrup'	),
('PD00000033','P000000043',	'IGD0000021',	1,		N'nl caramel'	),
('PD00000027','P000000040',	'IGD0000005',	1,		N'shot'			),
('PD00000025','P000000040',	'IGD0000007',	1,		N'Milk(1Cup)'	),
('PD00000026','P000000040',	'IGD0000021',	2,		N'lần syrup'	),
('PD00000034','P000000040',	'IGD0000024',	20,		N'gram'			),
('PD00000035','P000000040',	'IGD0000007',	0.5,	N'milkF'		),
('PD00000036','P000000041',	'IGD0000005',	1,		N'shot'		),
('PD00000037','P000000041',	'IGD0000007',	1,		N'Milk(1Cup)'	),
('PD00000038','P000000041',	'IGD0000020',	10,		N'gram'			),
('PD00000039','P000000041',	'IGD0000021',	2,		N'lần syrup'	),
('PD00000040','P000000041',	'IGD0000022',	5,		N'gram'		),
('PD00000041','P000000041',	'IGD0000007',	0.5,	N'milkF'		),
('PD00000042','P000000041',	'IGD0000011',	1,		N'nl tiramisu'	),
('PD00000043','P000000041',	'IGD0000012',	1,		N'nl tiramisu'	),
('PD00000044','P000000041',	'IGD0000021',	1,		N'nl tiramisu'	),
('PD00000045','P000000044',	'IGD0000017',	1,		N'túi lọc'		),
('PD00000046','P000000044',	'IGD0000021',	1,		N'lần syrup'	),
('PD00000047','P000000045',	'IGD0000019',	1,		N'túi lọc'		),
('PD00000048','P000000045',	'IGD0000021',	1,		N'lần syrup'	),
('PD00000049','P000000046',	'IGD0000018',	1,		N'túi lọc'		),
('PD00000050','P000000046',	'IGD0000021',	1,		N'lần syrup'	),
('PD00000051','P000000047',	'IGD0000009',	15,		N'ml'			),
('PD00000052','P000000047',	'IGD0000013',	1.5,	N'gói'			),
('PD00000053','P000000048',	'IGD0000016',	1,		N'gói'			),
('PD00000054','P000000048',	'IGD0000021',	4,		N'lần syrup'	),
('PD00000055','P000000048',	'IGD0000023',	3,		N'miếng'		),
('PD00000056','P000000048',	'IGD0000030',	4,		N'lần syrup'	),
('PD00000057','P000000049',	'IGD0000007',	1,		N'Milk(1Cup)'	),
('PD00000058','P000000049',	'IGD0000014',	1.5,	N'gói'			),
('PD00000059','P000000050',	'IGD0000007',	1,		N'Milk(1Cup)'	),
('PD00000060','P000000050',	'IGD0000031',	20,		N'ml'			),
('PD00000061','P000000051',	'IGD0000021',	1,		N'lần syrup'	),
('PD00000062','P000000051',	'IGD0000007',	1,		N'nl choco'		),
('PD00000063','P000000051',	'IGD0000021',	1,		N'nl choco'		),
('PD00000064','P000000051',	'IGD0000046',	1,		N'nl choco'		),
('PD00000065','P000000052',	'IGD0000021',	1,		N'lần syrup'	),
('PD00000066','P000000052',	'IGD0000007',	1,		N'nl choco'		),
('PD00000067','P000000052',	'IGD0000021',	1,		N'nl choco'		),
('PD00000068','P000000052',	'IGD0000046',	1,		N'nl choco'		),
('PD00000069','P000000057',	'IGD0000026',	1,		N'trái vừa'		),
('PD00000070','P000000053',	'IGD0000026',	2,		N'trái nhỏ'		),
('PD00000071','P000000056',	'IGD0000026',	0.5,	N'trái lớn'		),
('PD00000072','P000000054',	'IGD0000026',	1,		N'trái'		),
('PD00000073','P000000054',	'IGD0000003',	100,	N'ml'			),
('PD00000074','P000000054',	'IGD0000021',	1,		N'lần syrup'	),
('PD00000075','P000000055',	'IGD0000010',	100,	N'ml'			),
('PD00000076','P000000055',	'IGD0000021',	6,		N'lần syrup'	),
('PD00000077','P000000055',	'IGD0000029',	4,		N'lần syrup'	),
('PD00000078','P000000055',	'IGD0000027',	1,		N'trái'			),
('PD00000079','P000000030',	'IGD0000001',	1,		N'chai'			)
go

insert into SalaryNote
	([sn_id], [emp_id], [salary_value], [work_hour], [for_month], [for_year], [is_paid])
values
('SAN0000001', 'EMP0000001', 300, 30, 11, 2017, 0),
('SAN0000002', 'EMP0000002', 240, 20, 11, 2017, 0),
('SAN0000003', 'EMP0000003', 110, 10, 11, 2017, 0),
('SAN0000004', 'EMP0000004', 300, 30, 11, 2017, 0),
('SAN0000005', 'EMP0000005', 240, 20, 11, 2017, 0),
('SAN0000006', 'EMP0000006', 110, 10, 11, 2017, 0),
('SAN0000007', 'EMP0000001', 300, 30, 10, 2017, 1),
('SAN0000008', 'EMP0000002', 240, 20, 10, 2017, 1),
('SAN0000009', 'EMP0000003', 110, 10, 10, 2017, 1),
('SAN0000010', 'EMP0000004', 300, 30, 10, 2017, 1),
('SAN0000011', 'EMP0000005', 240, 20, 10, 2017, 1),
('SAN0000012', 'EMP0000006', 110, 10, 10, 2017, 1),
('SAN0000013', 'EMP0000001', 300, 30, 9, 2017, 1),
('SAN0000014', 'EMP0000002', 240, 20, 9, 2017, 1),
('SAN0000015', 'EMP0000003', 110, 10, 9, 2017, 1),
('SAN0000016', 'EMP0000004', 300, 30, 9, 2017, 1),
('SAN0000017', 'EMP0000005', 240, 20, 9, 2017, 1),
('SAN0000018', 'EMP0000006', 110, 10, 9, 2017, 1)


insert into WorkingHistory 
	([wh_id], [result_salary], [emp_id], [startTime], [endTime])
values		-- thức ăn
('WOH0000001', 'SAN0000001',	'EMP0000001', '2017-11-01 08:0:0', '2017-11-01 12:0:0'),
('WOH0000002', 'SAN0000001',	'EMP0000001', '2017-11-02 08:0:0', '2017-11-02 12:0:0'),
('WOH0000003', 'SAN0000001',	'EMP0000001', '2017-11-03 08:0:0', '2017-11-03 12:0:0'),
('WOH0000004', 'SAN0000001',	'EMP0000001', '2017-11-06 08:0:0', '2017-11-06 12:0:0'),
('WOH0000005', 'SAN0000001',	'EMP0000001', '2017-11-10 08:0:0', '2017-11-10 12:0:0'),
('WOH0000006', 'SAN0000001',	'EMP0000001', '2017-11-11 12:0:0', '2017-11-11 22:0:0'),
('WOH0000007', 'SAN0000002',	'EMP0000002', '2017-11-03 12:0:0', '2017-11-03 22:0:0'),
('WOH0000008', 'SAN0000002',	'EMP0000002', '2017-11-04 08:0:0', '2017-11-04 18:0:0'),
('WOH0000009', 'SAN0000003',	'EMP0000003', '2017-11-01 08:0:0', '2017-11-01 12:0:0'),
('WOH0000010', 'SAN0000003',	'EMP0000003', '2017-11-04 08:0:0', '2017-11-04 12:0:0'),
('WOH0000011', 'SAN0000003',	'EMP0000003', '2017-11-04 08:0:0', '2017-11-04 10:0:0'),
('WOH0000012', 'SAN0000004',	'EMP0000004', '2017-11-01 08:0:0', '2017-11-01 12:0:0'),
('WOH0000013', 'SAN0000004',	'EMP0000004', '2017-11-02 08:0:0', '2017-11-02 12:0:0'),
('WOH0000014', 'SAN0000004',	'EMP0000004', '2017-11-03 08:0:0', '2017-11-03 12:0:0'),
('WOH0000015', 'SAN0000004',	'EMP0000004', '2017-11-06 08:0:0', '2017-11-06 12:0:0'),
('WOH0000016', 'SAN0000004',	'EMP0000004', '2017-11-10 08:0:0', '2017-11-10 12:0:0'),
('WOH0000017', 'SAN0000004',	'EMP0000004', '2017-11-11 12:0:0', '2017-11-11 22:0:0'),
('WOH0000018', 'SAN0000005',	'EMP0000005', '2017-11-03 12:0:0', '2017-11-03 22:0:0'),
('WOH0000019', 'SAN0000005',	'EMP0000005', '2017-11-04 08:0:0', '2017-11-04 18:0:0'),
('WOH0000020', 'SAN0000006',	'EMP0000006', '2017-11-01 08:0:0', '2017-11-01 12:0:0'),
('WOH0000021', 'SAN0000006',	'EMP0000006', '2017-11-04 08:0:0', '2017-11-04 12:0:0'),
('WOH0000022', 'SAN0000006',	'EMP0000006', '2017-11-04 08:0:0', '2017-11-04 10:0:0'),
('WOH0000023', 'SAN0000007',	'EMP0000001', '2017-10-01 08:0:0', '2017-10-01 12:0:0'),
('WOH0000024', 'SAN0000007',	'EMP0000001', '2017-10-02 08:0:0', '2017-10-02 12:0:0'),
('WOH0000025', 'SAN0000007',	'EMP0000001', '2017-10-03 08:0:0', '2017-10-03 12:0:0'),
('WOH0000026', 'SAN0000007',	'EMP0000001', '2017-10-06 08:0:0', '2017-10-06 12:0:0'),
('WOH0000027', 'SAN0000007',	'EMP0000001', '2017-10-10 08:0:0', '2017-10-10 12:0:0'),
('WOH0000028', 'SAN0000007',	'EMP0000001', '2017-10-11 12:0:0', '2017-10-11 22:0:0'),
('WOH0000029', 'SAN0000008',	'EMP0000002', '2017-10-03 12:0:0', '2017-10-03 22:0:0'),
('WOH0000030', 'SAN0000008',	'EMP0000002', '2017-10-04 08:0:0', '2017-10-04 18:0:0'),
('WOH0000031', 'SAN0000009',	'EMP0000003', '2017-10-01 08:0:0', '2017-10-01 12:0:0'),
('WOH0000032', 'SAN0000009',	'EMP0000003', '2017-10-04 08:0:0', '2017-10-04 12:0:0'),
('WOH0000033', 'SAN0000009',	'EMP0000003', '2017-10-04 08:0:0', '2017-10-04 10:0:0'),
('WOH0000034', 'SAN0000010',	'EMP0000004', '2017-10-01 08:0:0', '2017-10-01 12:0:0'),
('WOH0000035', 'SAN0000010',	'EMP0000004', '2017-10-02 08:0:0', '2017-10-02 12:0:0'),
('WOH0000036', 'SAN0000010',	'EMP0000004', '2017-10-03 08:0:0', '2017-10-03 12:0:0'),
('WOH0000037', 'SAN0000010',	'EMP0000004', '2017-10-06 08:0:0', '2017-10-06 12:0:0'),
('WOH0000038', 'SAN0000010',	'EMP0000004', '2017-10-10 08:0:0', '2017-10-10 12:0:0'),
('WOH0000039', 'SAN0000010',	'EMP0000004', '2017-10-11 12:0:0', '2017-10-11 22:0:0'),
('WOH0000040', 'SAN0000011',	'EMP0000005', '2017-10-03 12:0:0', '2017-10-03 22:0:0'),
('WOH0000041', 'SAN0000011',	'EMP0000005', '2017-10-04 08:0:0', '2017-10-04 18:0:0'),
('WOH0000042', 'SAN0000012',	'EMP0000006', '2017-10-01 08:0:0', '2017-10-01 12:0:0'),
('WOH0000043', 'SAN0000012',	'EMP0000006', '2017-10-04 08:0:0', '2017-10-04 12:0:0'),
('WOH0000044', 'SAN0000012',	'EMP0000006', '2017-10-04 08:0:0', '2017-10-04 10:0:0'),
('WOH0000045', 'SAN0000013',	'EMP0000001', '2017-09-01 08:0:0', '2017-09-01 12:0:0'),
('WOH0000046', 'SAN0000013',	'EMP0000001', '2017-09-02 08:0:0', '2017-09-02 12:0:0'),
('WOH0000047', 'SAN0000013',	'EMP0000001', '2017-09-03 08:0:0', '2017-09-03 12:0:0'),
('WOH0000048', 'SAN0000013',	'EMP0000001', '2017-09-06 08:0:0', '2017-09-06 12:0:0'),
('WOH0000049', 'SAN0000013',	'EMP0000001', '2017-09-10 08:0:0', '2017-09-10 12:0:0'),
('WOH0000050', 'SAN0000013',	'EMP0000001', '2017-09-11 12:0:0', '2017-09-11 22:0:0'),
('WOH0000051', 'SAN0000014',	'EMP0000002', '2017-09-03 12:0:0', '2017-09-03 22:0:0'),
('WOH0000052', 'SAN0000014',	'EMP0000002', '2017-09-04 08:0:0', '2017-09-04 18:0:0'),
('WOH0000053', 'SAN0000015',	'EMP0000003', '2017-09-01 08:0:0', '2017-09-01 12:0:0'),
('WOH0000054', 'SAN0000015',	'EMP0000003', '2017-09-04 08:0:0', '2017-09-04 12:0:0'),
('WOH0000055', 'SAN0000015',	'EMP0000003', '2017-09-04 08:0:0', '2017-09-04 10:0:0'),
('WOH0000056', 'SAN0000016',	'EMP0000004', '2017-09-01 08:0:0', '2017-09-01 12:0:0'),
('WOH0000057', 'SAN0000016',	'EMP0000004', '2017-09-02 08:0:0', '2017-09-02 12:0:0'),
('WOH0000058', 'SAN0000016',	'EMP0000004', '2017-09-03 08:0:0', '2017-09-03 12:0:0'),
('WOH0000059', 'SAN0000016',	'EMP0000004', '2017-09-06 08:0:0', '2017-09-06 12:0:0'),
('WOH0000060', 'SAN0000016',	'EMP0000004', '2017-09-10 08:0:0', '2017-09-10 12:0:0'),
('WOH0000061', 'SAN0000016',	'EMP0000004', '2017-09-11 12:0:0', '2017-09-11 22:0:0'),
('WOH0000062', 'SAN0000017',	'EMP0000005', '2017-09-03 12:0:0', '2017-09-03 22:0:0'),
('WOH0000063', 'SAN0000017',	'EMP0000005', '2017-09-04 08:0:0', '2017-09-04 18:0:0'),
('WOH0000064', 'SAN0000018',	'EMP0000006', '2017-09-01 08:0:0', '2017-09-01 12:0:0'),
('WOH0000065', 'SAN0000018',	'EMP0000006', '2017-09-04 08:0:0', '2017-09-04 12:0:0'),
('WOH0000066', 'SAN0000018',	'EMP0000006', '2017-09-04 08:0:0', '2017-09-04 10:0:0')


insert into [OrderNote]
	([ordernote_id], [cus_id], [emp_id], [ordertable], [ordertime], [total_price], [customer_pay], [pay_back])
values
('ORD0000001', 'CUS0000001', 'EMP0000001', 1, '2017-10-08 17:57:28.533', 120, 120, 0),
('ORD0000002', 'CUS0000001', 'EMP0000001', 2, '2017-10-10 19:50:28.533', 260, 260, 0),
('ORD0000003', 'CUS0000002', 'EMP0000004', 3, '2017-10-11 10:00:28.533', 235, 235, 0),
('ORD0000004', 'CUS0000001', 'EMP0000001', 1, '2017-10-12 13:20:28.533', 590, 590, 0),
('ORD0000005', 'CUS0000001', 'EMP0000001', 2, '2017-10-12 17:00:28.533', 305, 305, 0),
('ORD0000006', 'CUS0000001', 'EMP0000002', 3, '2017-10-12 14:30:28.533', 230, 230, 0),
('ORD0000007', 'CUS0000001', 'EMP0000001', 1, '2017-10-12 20:00:28.533', 120, 200, 80),
('ORD0000008', 'CUS0000001', 'EMP0000002', 4, '2017-10-12 20:10:28.533', 555, 555, 0),
('ORD0000009', 'CUS0000002', 'EMP0000001', 2, '2017-10-12 20:11:28.533', 250, 250, 0),
('ORD0000010', 'CUS0000003', 'EMP0000004', 1, '2017-10-13 08:20:28.533', 160, 160, 0),
('ORD0000011', 'CUS0000001', 'EMP0000005', 2, '2017-10-13 11:25:28.533', 360, 360, 0),
('ORD0000012', 'CUS0000001', 'EMP0000004', 3, '2017-10-13 11:30:28.533', 390, 390, 0),
('ORD0000013', 'CUS0000001', 'EMP0000004', 4, '2017-10-13 11:35:28.533', 300, 300, 0),
('ORD0000014', 'CUS0000001', 'EMP0000004', 1, '2017-10-13 12:00:28.533', 480, 500, 20),
('ORD0000015', 'CUS0000001', 'EMP0000005', 8, '2017-10-13 12:05:28.533', 365, 365, 0),
('ORD0000016', 'CUS0000001', 'EMP0000005', 8, '2017-10-13 13:15:28.533', 310, 310, 0),
('ORD0000017', 'CUS0000001', 'EMP0000002', 8, '2017-10-14 10:00:28.533', 260, 260, 0),
('ORD0000018', 'CUS0000001', 'EMP0000002', 8, '2017-10-14 11:20:28.533', 310, 310, 0)



insert into [OrderNoteDetails]
	([ordernote_id], [product_id], [quan])
values
('ORD0000001', 'P000000044', 1),
('ORD0000001', 'P000000047', 1),
('ORD0000001', 'P000000049', 1),
('ORD0000002', 'P000000047', 2),
('ORD0000002', 'P000000050', 1),
('ORD0000002', 'P000000001', 3),
('ORD0000002', 'P000000044', 1),
('ORD0000002', 'P000000030', 1),
('ORD0000003', 'P000000001', 1),
('ORD0000003', 'P000000012', 1),
('ORD0000003', 'P000000025', 2),
('ORD0000003', 'P000000056', 1),
('ORD0000003', 'P000000011', 1),
('ORD0000004', 'P000000044', 1),
('ORD0000004', 'P000000014', 1),
('ORD0000004', 'P000000015', 2),
('ORD0000004', 'P000000010', 3),
('ORD0000004', 'P000000029', 1),
('ORD0000004', 'P000000011', 1),
('ORD0000004', 'P000000054', 4),
('ORD0000005', 'P000000017', 1),
('ORD0000005', 'P000000020', 2),
('ORD0000005', 'P000000022', 1),
('ORD0000005', 'P000000011', 2),
('ORD0000006', 'P000000030', 3),
('ORD0000006', 'P000000047', 1),
('ORD0000006', 'P000000031', 1),
('ORD0000006', 'P000000010', 1),
('ORD0000006', 'P000000020', 1),
('ORD0000007', 'P000000044', 1),
('ORD0000007', 'P000000047', 1),
('ORD0000007', 'P000000049', 1),
('ORD0000008', 'P000000014', 1),
('ORD0000008', 'P000000010', 2),
('ORD0000008', 'P000000050', 2),
('ORD0000008', 'P000000011', 1),
('ORD0000008', 'P000000012', 3),
('ORD0000008', 'P000000020', 1),
('ORD0000008', 'P000000019', 2),
('ORD0000009', 'P000000001', 3),
('ORD0000009', 'P000000009', 2),
('ORD0000009', 'P000000011', 1),
('ORD0000009', 'P000000045', 1),
('ORD0000009', 'P000000049', 1),
('ORD0000010', 'P000000034', 3),
('ORD0000010', 'P000000033', 2),
('ORD0000011', 'P000000010', 1),
('ORD0000011', 'P000000011', 2),
('ORD0000011', 'P000000033', 2),
('ORD0000011', 'P000000030', 2),
('ORD0000011', 'P000000020', 1),
('ORD0000011', 'P000000002', 1),
('ORD0000012', 'P000000040', 1),
('ORD0000012', 'P000000001', 1),
('ORD0000012', 'P000000002', 2),
('ORD0000012', 'P000000010', 2),
('ORD0000012', 'P000000034', 3),
('ORD0000013', 'P000000044', 1),
('ORD0000013', 'P000000047', 2),
('ORD0000013', 'P000000049', 1),
('ORD0000013', 'P000000050', 1),
('ORD0000013', 'P000000011', 2),
('ORD0000014', 'P000000010', 2),
('ORD0000014', 'P000000030', 3),
('ORD0000014', 'P000000011', 1),
('ORD0000014', 'P000000033', 1),
('ORD0000014', 'P000000020', 2),
('ORD0000014', 'P000000021', 1),
('ORD0000014', 'P000000029', 1),
('ORD0000015', 'P000000019', 2),
('ORD0000015', 'P000000020', 1),
('ORD0000015', 'P000000010', 1),
('ORD0000015', 'P000000055', 4),
('ORD0000016', 'P000000040', 2),
('ORD0000016', 'P000000047', 1),
('ORD0000016', 'P000000013', 1),
('ORD0000016', 'P000000014', 2),
('ORD0000016', 'P000000010', 1),
('ORD0000017', 'P000000048', 2),
('ORD0000017', 'P000000011', 1),
('ORD0000017', 'P000000020', 1),
('ORD0000017', 'P000000029', 1),
('ORD0000018', 'P000000013', 2),
('ORD0000018', 'P000000047', 2),
('ORD0000018', 'P000000049', 1),
('ORD0000018', 'P000000050', 1),
('ORD0000018', 'P000000021', 1)


insert into [ReceiptNote]
	([rn_id], [emp_id], [inday], [total_amount])
values
('RN00000001', 'EMP0000001', '2017-10-08 17:57:28.533', 200),
('RN00000002', 'EMP0000002', '2017-10-08 17:57:28.533', 1200),
('RN00000003', 'EMP0000001', '2017-10-09 17:57:28.533', 400),
('RN00000004', 'EMP0000002', '2017-10-09 17:57:28.533', 800),
('RN00000005', 'EMP0000002', '2017-10-09 17:57:28.533', 100),
('RN00000006', 'EMP0000003', '2017-10-10 17:57:28.533', 2000),
('RN00000007', 'EMP0000004', '2017-10-12 17:57:28.533', 700),
('RN00000008', 'EMP0000005', '2017-10-13 17:57:28.533', 600),
('RN00000009', 'EMP0000003', '2017-10-16 17:57:28.533', 120),
('RN00000010', 'EMP0000003', '2017-10-20 17:57:28.533', 220),
('RN00000011', 'EMP0000002', '2017-11-08 17:57:28.533', 500),
('RN00000012', 'EMP0000002', '2017-11-09 17:57:28.533', 600),
('RN00000013', 'EMP0000003', '2017-11-10 17:57:28.533', 1100),
('RN00000014', 'EMP0000001', '2017-11-10 17:57:28.533', 3000),
('RN00000015', 'EMP0000001', '2017-11-14 17:57:28.533', 200),
('RN00000016', 'EMP0000001', '2017-11-15 17:57:28.533', 200),
('RN00000017', 'EMP0000001', '2017-11-15 17:57:28.533', 120),
('RN00000018', 'EMP0000001', '2017-11-15 17:57:28.533', 2500),
('RN00000019', 'EMP0000001', '2017-11-16 17:57:28.533', 100),
('RN00000020', 'EMP0000001', '2017-11-16 17:57:28.533', 500),
('RN00000021', 'EMP0000001', '2017-09-01 17:57:28.533', 400),
('RN00000022', 'EMP0000001', '2017-09-05 17:57:28.533', 100),
('RN00000023', 'EMP0000001', '2017-09-06 17:57:28.533', 150),
('RN00000024', 'EMP0000001', '2017-09-06 17:57:28.533', 220),
('RN00000025', 'EMP0000001', '2017-09-09 17:57:28.533', 260)

insert into [ReceiptNoteDetails]
	([rn_id], [igd_id], [quan], [item_price], [note])
values
('RN00000001', 'IGD0000001', 2, 100, ''),
('RN00000002', 'IGD0000047', 1, 1000, 'Tien nuoc'),
('RN00000002', 'IGD0000009', 4, 25, ''),
('RN00000002', 'IGD0000008', 2, 50, ''),
('RN00000003', 'IGD0000025', 8, 25, ''),
('RN00000003', 'IGD0000027', 10, 20, ''),
('RN00000004', 'IGD0000020', 2, 100, ''),
('RN00000004', 'IGD0000035', 4, 25, ''),
('RN00000004', 'IGD0000037', 5, 20, ''),
('RN00000004', 'IGD0000046', 8, 50, ''),
('RN00000005', 'IGD0000012', 2, 50, ''),
('RN00000006', 'IGD0000047', 1, 1800, 'Tien dien, tien rua may lanh'),
('RN00000006', 'IGD0000033', 5, 20, ''),
('RN00000006', 'IGD0000039', 2, 20, ''),
('RN00000006', 'IGD0000021', 3, 20, ''),
('RN00000007', 'IGD0000044', 60, 5, ''),
('RN00000007', 'IGD0000011', 8, 50, ''),
('RN00000008', 'IGD0000028', 10, 5, ''),
('RN00000008', 'IGD0000031', 5, 40, ''),
('RN00000008', 'IGD0000015', 3, 50, ''),
('RN00000008', 'IGD0000012', 4, 50, ''),
('RN00000009', 'IGD0000034', 1, 20, ''),
('RN00000009', 'IGD0000002', 1, 100, ''),
('RN00000010', 'IGD0000003', 2, 100, ''),
('RN00000010', 'IGD0000045', 1, 20, ''),
('RN00000011', 'IGD0000040', 2, 50, ''),
('RN00000011', 'IGD0000024', 5, 40, ''),
('RN00000011', 'IGD0000042', 10, 20, ''),
('RN00000012', 'IGD0000008', 6, 50, ''),
('RN00000012', 'IGD0000007', 6, 50, ''),
('RN00000013', 'IGD0000047', 1, 1100, 'Tien gas'),
('RN00000014', 'IGD0000047', 1, 3000, 'Mua bep gas, Mua lo vi song'),
('RN00000015', 'IGD0000005', 2, 100, ''),
('RN00000016', 'IGD0000003', 1, 100, ''),
('RN00000016', 'IGD0000006', 1, 100, ''),
('RN00000017', 'IGD0000030', 2, 50, ''),
('RN00000017', 'IGD0000028', 1, 10, ''),
('RN00000018', 'IGD0000047', 1, 2000, 'Tien gas'),
('RN00000018', 'IGD0000013', 2, 100, ''),
('RN00000018', 'IGD0000015', 1, 100, ''),
('RN00000018', 'IGD0000014', 2, 100, ''),
('RN00000019', 'IGD0000010', 1, 100, ''),
('RN00000020', 'IGD0000008', 5, 30, ''),
('RN00000020', 'IGD0000011', 7, 50, ''),
('RN00000021', 'IGD0000020', 2, 100, ''),
('RN00000021', 'IGD0000023', 4, 50, ''),
('RN00000022', 'IGD0000023', 2, 50, ''),
('RN00000023', 'IGD0000030', 3, 50, ''),
('RN00000024', 'IGD0000019', 10, 22, ''),
('RN00000025', 'IGD0000002', 2, 100, ''),
('RN00000025', 'IGD0000033', 3, 20, '')


--insert into [Table]
--	([table_id], [table_number], [chair_amount], [pos_X], [pos_Y], [is_Locked], [is_Ordered], [is_Pinned])
--values
--(1, 1, 6, 200, 200, 0, 1, 1),
--(2, 2, 4, 100, 100, 0, 1, 1)

--insert into [Chair]
--	([chair_id], [chair_number], [table_owned])
--values
--(1, 1, 1),
--(2, 2, 1),
--(3, 3, 1),
--(4, 4, 1),
--(5, 5, 1),
--(6, 6, 1),
--(7, 1, 2),
--(8, 2, 2),
--(9, 3, 2),
--(10, 4, 2)

--insert into [OrderTemp]
--	([ordertemp_id], [cus_id], [emp_id], [table_owned], [ordertime], [total_price], [customer_pay], [pay_back])
--values
--(1, 'CUS0000001', 'EMP0000001', 1, '2017-10-08 17:57:28.533', , , ),
--(2, 'CUS0000001', 'EMP0000001', 2, '2017-10-08 20:00:45.533', , , )


--insert into [OrderDetailsTemp]
--	([ordertemp_id], [product_id], [chair_id], [SelectedStats], [note], [quan])
--values
--('1', 'P000000030', 1, 'Starter', '', 1),
--('1', 'P000000030', 1, 'Starter', '', 2),
--('1', 'P000000030', 2, 'Starter', '', 1),
--('1', 'P000000001', 2, 'Starter', '', 1),
--('1', 'P000000002', 2, 'Starter', '', 3),
--('1', 'P000000003', 2, 'Starter', '', 2),
--('1', 'P000000003', 3, 'Starter', '', 2),
--('1', 'P000000003', 3, 'Starter', '', 2),
--('1', 'P000000020', 3, 'Starter', '', 1),
--('1', 'P000000001', 4, 'Starter', '', 1),
--('1', 'P000000021', 5, 'Starter', '', 1),
--('1', 'P000000020', 5, 'Starter', '', 1),
--('1', 'P000000001', 5, 'Starter', '', 1),

--('2', 'P000000001', 1, 'Starter', '', 1),
--('2', 'P000000001', 1, 'Starter', '', 1),
--('2', 'P000000001', 1, 'Starter', '', 1),
--('2', 'P000000001', 2, 'Starter', '', 1),
--('2', 'P000000001', 2, 'Starter', '', 1),
--('2', 'P000000001', 2, 'Starter', '', 1),
--('2', 'P000000001', 3, 'Starter', '', 1),
--('2', 'P000000001', 4, 'Starter', '', 1),
--('2', 'P000000001', 4, 'Starter', '', 1),
--('2', 'P000000001', 4, 'Starter', '', 1),
--('2', 'P000000001', 4, 'Starter', '', 1)




select * from AdminRes
go
select *from ReceiptNote
go
select *from ReceiptNoteDetails
go
select * from Employee
go
select * from Customer
go
select * from Ingredient
go
select * from WareHouse
go 
select * from Product
go
select *  from ProductDetails
go

select * from SalaryNote
select * from WorkingHistory

select * from OrderNote
select * from OrderNoteDetails

select * from [Table]
select * from [Chair]
select * from [OrderTemp]
select * from [OrderDetailsTemp]

--delete [OrderDetailsTemp]
--delete [Chair]
--delete [OrderTemp]
--delete [Table]

--drop table [OrderDetailsTemp]
--drop table [Chair]
--drop table [OrderTemp]
--drop table [Table]

